td_client_id,pageviews,first_name,last_name,email,subscriberid,subscriberkey,owns_wii,downloaded_super_mario_run,time
faeca1e0-0250-4e45-f950-bc3809cf394c,50,Ali,Galway,agalway7k@constantcontact.com,2,,0,0,1530897793
39646816-5ddd-411c-8f89-3c7f5cac18f3,50,Clyve,Miskelly,cmiskelly7l@earthlink.net,3,,0,0,1530897793
230ee6f8-fa18-483b-aa51-98e590cb251f,50,Halsy,Tomblings,htomblings7m@qq.com,4,,0,0,1530897793
2743348e-544a-4bbf-9961-4e83aa8db888,50,Selena,Lalley,slalley7n@sbwire.com,5,,1,1,1530897793
5a3ca22c-56b3-44e3-a56a-4c773f89949c,50,Lianna,Sander,lsander7o@loc.gov,6,,1,1,1530897793
65d2d2c3-234a-456a-8c77-3f89949c75cd,50,Gabe,Iwaszkiewicz,giwaszkiewicz7p@usa.gov,7,,0,0,1530897793
200a0b48-885e-43a5-aa4c-773f89949c75,50,Arliene,Brooksbie,abrooksbie7q@latimes.com,8,,1,1,1530897793
e49e8534-ee54-4a88-a0e4-3ab3be48b6d9,50,Florry,Cano,fcano7r@japanpost.jp,9,,1,1,1530897793
4b1abe36-c049-4082-a7d3-876ea1316371,49,Amalie,Clyant,aclyant7s@globo.com,10,,1,1,1530897793
d9dd2533-3525-4a68-9ccf-944dbfc2e5ff,49,Philomena,Kuhlen,pkuhlen7t@addthis.com,11,,1,1,1530897793
df086ada-2678-413b-ea44-1697f9229834,49,Micheal,Dibb,mdibb7u@example.com,12,,1,1,1530897793
70e83a4f-570c-4dc7-9ca2-c778a6553dee,49,Balduin,Illwell,billwell7v@go.com,13,,0,0,1530897793
676b9c80-19bd-43cf-e808-887529b7452e,49,Steffane,Bonelle,sbonelle7w@fema.gov,14,,0,0,1530897793
9664755e-b4c4-44a6-d3a9-367f546e0514,49,Trixy,Edney,tedney7x@hatena.ne.jp,15,,1,1,1530897793
31496968-885e-43a5-aa4c-773f89949c75,48,Clevie,Reignolds,creignolds7y@cafepress.com,16,,1,1,1530897793
ed2beb96-8a2b-424e-8769-df883216cb53,48,Xavier,Godding,xgodding7z@sfgate.com,17,,1,1,1530897793
02085166-0d4e-4ca8-9137-fe2bd90276ac,48,Adi,Curwen,acurwen80@plala.or.jp,18,,0,0,1530897793
da8e8675-62a4-4999-8ae2-da306755a51b,48,Sande,Richley,srichley81@sciencedirect.com,19,,0,0,1530897793
4c15b337-cd77-4f89-acc0-72b5fed2aace,48,Yorgo,Menichino,ymenichino82@whitehouse.gov,20,,1,1,1530897793
8a16fbe0-4300-491b-a259-2ca58c7be393,47,Brunhilda,Newlyn,bnewlyn83@dell.com,21,,0,0,1530897793
e78af4d7-1f66-4a4c-b73f-89949c75cda0,47,Mil,Stayte,mstayte84@usnews.com,22,,1,1,1530897793
7003aed1-4294-4713-a2ff-43ff918c680c,47,Easter,Wheildon,ewheildon85@unc.edu,23,,0,0,1530897793
15a3bfa9-c003-4131-8069-0589c7945319,46,Vassili,Nemchinov,vnemchinov86@booking.com,24,,0,0,1530897793
896c0b29-d2f2-4e7e-a18e-a00e701aef57,46,Selinda,Rahl,srahl87@berkeley.edu,25,,0,0,1530897793
a3eaab21-8cfd-46ee-b816-fd85a5680568,46,Odelia,Atlee,oatlee88@archive.org,26,,1,1,1530897793
ba237618-2bde-4c76-bf27-45bc654f7c3b,46,Heloise,Crinidge,hcrinidge89@sciencedaily.com,27,,1,1,1530897793
0ef88b2c-8d33-4d59-8559-aabe9aac83ef,46,Rivy,Pentin,rpentin8a@bluehost.com,28,,0,0,1530897793
88afffdf-da42-4233-98dc-36e16773da62,46,Paloma,Sadler,psadler8b@zdnet.com,29,,1,1,1530897793
30c6bf1b-07b7-426f-d90e-e170a1abcdc4,46,Abramo,Macci,amacci8c@flickr.com,30,,0,0,1530897793
b5ef7db3-2746-44ed-bfeb-78e943c89b28,46,Laina,Harfoot,lharfoot8d@ow.ly,31,,0,0,1530897793
a799087f-606f-46d2-cd08-e4c7ae66a842,46,Wendel,McArdell,wmcardell8e@sbwire.com,32,,1,1,1530897793
6aef2483-1f66-4a4c-b73f-89949c75cda0,45,Lorant,Loads,lloads8f@webs.com,33,,0,0,1530897793
bb8a6c41-570a-43ae-bbbd-8568a0c9de5c,45,Lilli,Boas,lboas8g@jugem.jp,34,,1,1,1530897793
d4ee0a30-b1ca-43ec-d58b-79d890b0dac9,45,Catlin,Job,cjob8h@photobucket.com,35,,0,0,1530897793
e7be6683-b451-44c7-ceda-c49cdbdb9cf7,45,Tadio,Mattei,tmattei8i@telegraph.co.uk,36,,1,1,1530897793
5381efba-bb1d-45f7-b265-1e6a5e771980,45,Noble,Cockrill,ncockrill8j@marriott.com,37,,1,1,1530897793
2ce65bc9-6640-4a19-be12-2153bfa1faf0,45,Lambert,Messiter,lmessiter8k@skyrock.com,38,,1,1,1530897793
cfc5546c-eaec-4218-ea11-82b02ae2bee9,45,Gilberte,Saxby,gsaxby8l@slate.com,39,,0,0,1530897793
444219f8-234a-456a-8c77-3f89949c75cd,45,Brucie,Gaven,bgaven8m@usda.gov,40,,0,0,1530897793
721fef8a-1d14-4f20-d47d-bc93ee860cb7,44,Hadria,Bonaire,hbonaire8n@goodreads.com,41,,0,0,1530897793
d31a7e98-301b-4653-9222-9167d0a7e61b,44,Regen,Walmsley,rwalmsley8o@hhs.gov,42,,1,1,1530897793
a5e3d452-6fa1-4baa-8cd3-6e6c334fbc4d,44,Garey,Coolbear,gcoolbear8p@narod.ru,43,,1,1,1530897793
1d4c9436-5a13-493d-fc7c-da976fc797e6,44,Brander,Lebbon,blebbon8q@ca.gov,44,,0,0,1530897793
fccf1608-39df-4071-87ea-5662eddfefe3,44,Rona,Tyhurst,rtyhurst8r@reddit.com,45,,1,1,1530897793
21ef9afe-17d3-4dec-9df0-c293c1436d96,44,Sonni,Booth-Jarvis,sboothjarvis8s@timesonline.co.uk,46,,1,1,1530897793
9c468f05-1012-49eb-9f93-6899e78594ff,19,Nilson,Thorogood,nthorogoodge@scientificamerican.com,47,,0,0,1530897793
5679dd1a-593a-4b45-a485-01debe649e8c,19,Avis,OIlier,aoiliergf@adobe.com,48,,0,0,1530897793
c809e059-1354-48f6-ac51-649ae2b918d2,19,Lana,Rookledge,lrookledgegg@123-reg.co.uk,49,,0,0,1530897793
4d2ab92b-d26f-4acd-8a69-b4599e1f72eb,19,Charlotte,von Grollmann,cvongrollmanngh@drupal.org,50,,0,0,1530897793
0e762e25-8353-4ddf-a170-7c1062beb928,19,Alix,Cheek,acheekgi@drupal.org,51,,1,1,1530897793
b27a0b77-5f0e-40c6-ad6b-e474024dc079,19,Joy,Stanlike,jstanlikegj@paginegialle.it,52,,0,0,1530897793
be7940e0-16be-4112-9656-8cbe24a320e2,19,Carce,Millions,cmillionsgk@cbc.ca,53,,1,1,1530897793
59dfab99-d6b9-4d93-88b0-6358e7dc0bab,19,Burnard,Babst,bbabstgl@berkeley.edu,54,,1,1,1530897793
591818b3-85d5-4a71-bb8e-b83e9dc8aad5,19,Nestor,Grocutt,ngrocuttgm@gravatar.com,55,,1,1,1530897793
2088bcd5-d436-4b48-86a3-dbb8d5fa6d9e,19,Koral,Lindsay,klindsaygn@usgs.gov,56,,0,0,1530897793
82fc961c-3d0c-4f19-8fff-c9a764d5463f,19,Erin,Bartalucci,ebartaluccigo@creativecommons.org,57,,1,1,1530897793
3ce40ee9-6747-4047-9130-6c99e1689100,19,Joachim,Corradeschi,jcorradeschigp@apache.org,58,,1,1,1530897793
c3644976-ab05-417a-9548-f8d2bae01cb5,19,Tamas,Faithfull,tfaithfullgq@feedburner.com,59,,0,0,1530897793
5f9e2aac-6f96-4fd2-edb3-927b0b56c462,19,Corina,Tootal,ctootalgr@mac.com,60,,0,0,1530897793
30ac838d-650d-4411-b146-3b6a1284b618,19,Thatcher,Housbey,thousbeygs@opensource.org,61,,1,1,1530897793
e36761fa-9b57-4bc1-a5a0-badfbef359bf,19,Justino,Flamank,jflamankgt@columbia.edu,62,,1,1,1530897793
c84e4988-2359-419a-b768-58373a24370f,19,Pollyanna,McConnachie,pmcconnachiegu@webnode.com,63,,1,1,1530897793
dcaa3c76-de93-4461-aaa5-36f103494247,19,Foster,Thoumasson,fthoumassongv@nationalgeographic.com,64,,0,0,1530897793
018e412a-9f8e-4628-b38b-1eb664cb9e7f,19,Betteanne,Mepham,bmephamgw@biblegateway.com,65,,0,0,1530897793
a643afa9-d405-4f1d-bf1c-0098e25b81d3,19,Gerhardine,Cromarty,gcromartygx@meetup.com,66,,1,1,1530897793
162ba6a0-b793-45b7-a582-5ae0ef4558c3,19,Rudolph,Dacks,rdacksgy@wiley.com,67,,0,0,1530897793
4d7eee0f-5027-473f-ee57-25d6dcd26fc7,19,Elaina,Syce,esycegz@businessinsider.com,68,,0,0,1530897793
e7cd2557-b767-46c9-9c2c-14482123b7b9,19,Darbee,Leishman,dleishmanh0@aboutads.info,69,,0,0,1530897793
b0d5b240-b990-430f-8983-d550b9c3eb24,19,Albertine,Orgee,aorgeeh1@slideshare.net,70,,1,1,1530897793
8db3202f-e6c9-4d7d-b3ea-8305c82c7814,19,Susann,Hemeret,shemereth2@netvibes.com,71,,1,1,1530897793
57a18570-45be-4439-ac4b-94102bd66381,19,Ned,Tonna,ntonnah3@cbc.ca,72,,0,0,1530897793
92d94302-0252-4fd8-8758-3dc2959312f8,19,Antonius,Millbank,amillbankh4@unesco.org,73,,1,1,1530897793
087772b0-891e-4809-8317-8d8ea2a2eb46,19,Burk,Jaime,bjaimeh5@umich.edu,74,,1,1,1530897793
05d02e59-dd18-42d3-9539-16939e64756d,19,Robbie,Guerreiro,rguerreiroh6@pagesperso-orange.fr,75,,1,1,1530897793
3afd2d47-2507-43bc-9e5f-8d368dc2ea57,19,Doll,Dancer,ddancerh7@paypal.com,76,,1,1,1530897793
8b7cc562-4159-41d1-8582-8a1196b3303b,19,Florance,Prandoni,fprandonih8@canalblog.com,77,,0,0,1530897793
e69a762a-1290-4778-a2fb-8a8fc7e4da00,19,Joan,Lillecrop,jlillecroph9@oaic.gov.au,78,,1,1,1530897793
52d8d09b-e3b1-4a7a-b156-852576fdc2c6,18,Jennica,Cocklie,jcocklieha@bing.com,79,,1,1,1530897793
a6a59ee4-65db-4635-b2be-f0f584101ecb,18,Violante,Pidgen,vpidgenhb@slideshare.net,80,,0,0,1530897793
8b877196-1466-464b-940a-422f7a699ad0,18,Modesty,Germon,mgermonhc@godaddy.com,81,,1,1,1530897793
8498a54d-e04a-4833-d47c-6f7a33d44e83,18,Tamarah,Cardozo,tcardozohd@mayoclinic.com,82,,0,0,1530897793
743adef7-ccb6-49fd-92d2-e74f3f07a8f3,18,Arch,Gillings,agillingshe@t-online.de,83,,0,0,1530897793
27417dbb-3e20-46a6-a5ce-395c16db51d0,18,Anabel,Ranald,aranaldhf@e-recht24.de,84,,0,0,1530897793
aaa74819-cfd8-40d7-9822-8623cd689c93,18,Wilow,Ivanets,wivanetshg@patch.com,85,,0,0,1530897793
df4af080-6547-47cb-b1d5-e89752da43fb,18,Crissie,Cristol,ccristolhh@so-net.ne.jp,86,,0,0,1530897793
640993f2-781d-4bee-bfc4-54fd77207151,18,Kirbee,Larmett,klarmetthi@japanpost.jp,87,,0,0,1530897793
76df2d50-eff1-4265-aa2b-d166da379e37,18,Cecilia,Camilletti,ccamillettihj@tinypic.com,88,,0,0,1530897793
b0455657-de38-494d-ac70-cd2c730d4884,18,Wallie,Ferreres,wferrereshk@google.cn,89,,1,1,1530897793
80dedf43-bda4-4282-a7a9-b912602f3c5c,18,Jose,Seden,jsedenhl@webmd.com,90,,1,1,1530897793
3a4ef441-88e2-444b-a28f-c45ed432347c,18,Trula,Bridat,tbridathm@wikimedia.org,91,,1,1,1530897793
35aa24be-e2a2-4831-e8f1-475fe0e3ccdf,5605,mr,sir,mr.sir@example.com,99113069,,0,0,1530897793
9cc3483c-4806-4624-9797-dd17d63c4a7c,2463,spiffy,pants,spifftastic@pantaloons.co.jp,93735037,,1,1,1530897793
59ec6c68-33f0-435a-bca8-04404c5c2d65,2251,ignatious,steed,stallionsforever@horsinaround.org,99113098,,1,1,1530897793
4cca8b91-57da-4689-bdb1-815a183bd2b3,1607,pete,stupendous,pete@amazing.com,99113078,,1,1,1530897793
a0c3c892-15a6-4dc2-a2dd-d4a2d8d2aff9,1329,zatou,ichi,number1@number0.com,99113090,,0,0,1530897793
f7a4cfae-343c-4f6e-bf1b-72ab9a6363cf,1076,sando,wara,sandwitches@delicous.au,40157238,,0,0,1530897793
6da89a78-c152-43a3-e909-70e69e868ad5,1062,maji,de,its@real.com,94885589,,1,1,1530897793
72e69bb6-4cd2-48c5-88cb-cba40f09e642,1047,toru,tsugoi,to@tsugoi.ru,99113020,,1,1,1530897793
545fca3c-d32d-4059-8dfe-511410e40d33,987,ohno,kaz,bosshaus@hoth.com,99113037,,0,0,1530897793
413fb7e4-91ba-4c20-845a-72d5e3a03fad,944,crispy,greens,fiber@foreveryone.hk,99113063,,1,1,1530897793
0d69b86a-1899-4b70-8656-605875a99c89,885,noway,jose,no@way.com,93734955,,0,0,1530897793
bf95c9f6-29c3-4f06-f837-413bbc5e5d89,790,jane,joseph,keepmoving@nothere.eu,99113054,,1,1,1530897793
580bc030-0a13-4981-95ce-fa876505138f,725,john,d'ou,imoutofwittynames@itslate.org,99113071,,0,0,1530897793
f8af5a05-1f66-4a4c-b73f-89949c75cda0,668,Ginevra,Kuhnel,gkuhneld@nba.com,90397760,,1,1,1530897793
c97a76b4-9510-4a2e-9c18-ad329193bdcd,654,Stephen,Caiger,scaigere@rakuten.co.jp,99496261,,0,0,1530897793
1163ae38-885e-43a5-aa4c-773f89949c75,646,Blondie,Denis,bdenisf@feedburner.com,99116026,,0,0,1530897793
e9a6a312-377b-486d-9a9a-918ab85b0af1,637,Arman,Troth,atrothg@plala.or.jp,99113087,,0,0,1530897793
4fe79089-9cac-4640-88ef-94e08912c736,581,Ibbie,Myrie,imyrieh@g.co,99116025,,1,1,1530897793
f0185f87-7ef6-41e3-8296-1b665e8ffed8,573,Bambie,Knoles,bknolesi@rambler.ru,99113045,,1,1,1530897793
ff4b3f48-885e-43a5-aa4c-773f89949c75,536,Rosamund,Vallerine,rvallerinej@sakura.ne.jp,99113049,,0,0,1530897793
9f3a8261-6ada-447a-ab71-a38b3e5cb0ec,459,Sephira,Yeardsley,syeardsleyk@taobao.com,99113066,,1,1,1530897793
53762cfc-7869-43ad-bfc8-5a9a930fbc8b,450,Jim,Plank,jplankl@virginia.edu,99113028,,0,0,1530897793
41b9d256-cafa-4e27-b349-52b4fb32666b,444,Mart,Godon,mgodonm@linkedin.com,94150217,,1,1,1530897793
11214c85-3070-4507-897e-ae18942e545f,430,Sandor,Irnys,sirnysn@arstechnica.com,99113079,,1,1,1530897793
d770d7b5-3a39-4154-8675-0ea08ac28042,428,Jordain,Argabrite,jargabriteo@goodreads.com,99113093,,1,1,1530897793
ffc2a9bc-1f4d-4904-a7b6-8bce9b8a0863,421,Cari,Goodboddy,cgoodboddyp@weather.com,99113031,,1,1,1530897793
a3979eb8-d4e1-4085-86bf-ff704d3ec865,420,Irene,Michel,imichelq@networksolutions.com,93751557,,1,1,1530897793
f974f5ac-54c8-4848-9475-522d653349b1,411,Sloan,Liddington,sliddingtonr@blogtalkradio.com,99113083,,1,1,1530897793
0baf9dfe-cb6e-4781-c908-f84d7f4d36cd,403,Dee dee,Gally,dgallys@printfriendly.com,94150215,,1,1,1530897793
b28f99d4-8bbe-41a8-b100-de4a7cbc135a,384,Tim,Smyth,tsmytht@patch.com,99113046,,0,0,1530897793
bf53308b-8370-46b1-88bb-ba77a87e93a0,376,Minny,Lapenna,mlapennau@facebook.com,99113085,,1,1,1530897793
22b9d60b-9876-45ef-93c5-cecf4f3c3844,360,Quentin,Merlin,qmerlinv@narod.ru,40208778,,0,0,1530897793
42e2c8a0-7900-47df-c64b-3a8b480166ce,352,Parrnell,Drewitt,pdrewittw@google.com.hk,99495897,,1,1,1530897793
eec9834e-fff1-4552-92dd-a845881b6516,352,Kerwinn,Jaffray,kjaffrayx@ehow.com,99113019,,0,0,1530897793
e6262fa6-efd0-43b2-89ca-13eec540bf1f,348,Miran,Cradey,mcradeyy@youku.com,99113092,,1,1,1530897793
57875e68-885e-43a5-aa4c-773f89949c75,348,Barton,Tourmell,btourmellz@nps.gov,99113029,,1,1,1530897793
bdaa9715-8b5b-4fdb-e97b-7741987b7c4f,339,Wally,O'Hegertie,wohegertie10@networkadvertising.org,99113077,,1,1,1530897793
d039689a-234a-456a-8c77-3f89949c75cd,336,Bennie,Brockway,bbrockway11@guardian.co.uk,99113040,,0,0,1530897793
694d24ca-126c-411b-d38a-6ce05a6a87c1,333,Elsy,Philipsson,ephilipsson12@japanpost.jp,99113032,,0,0,1530897793
5a7fd90d-1c2b-43bc-a49f-5348d9cbd45c,329,Merola,Irwin,mirwin13@mayoclinic.com,99113088,,1,1,1530897793
0a584c95-ed93-4d2b-e08e-04a9b5cdb1cf,314,Frankie,Lammers,flammers14@bloomberg.com,40212755,,1,1,1530897793
0aa5f6f5-6782-4f10-d847-f645aec4b0b6,312,Oralee,Crisell,ocrisell15@hexun.com,40212720,,1,1,1530897793
1471329c-f515-4739-e8bf-94afe353a097,311,Kara-lynn,Mobius,kmobius16@behance.net,99113057,,1,1,1530897793
a2cc91c7-1f66-4a4c-b73f-89949c75cda0,306,Si,Moorey,smoorey17@hostgator.com,93735040,,0,0,1530897793
200c91c7-1f66-4a4c-b73f-89949c75cda0,298,Julita,Woffinden,jwoffinden18@indiatimes.com,136,,1,1,1530897793
a53d9756-2f7f-4c1a-af3a-250959c3a7e4,293,Tulley,Blogg,tblogg19@aboutads.info,137,,1,1,1530897793
cf01fb43-a870-413f-c5a6-744c4138bb56,279,Sydelle,Pickburn,spickburn1a@github.com,138,,1,1,1530897793
677bfdb7-eadf-45dc-c4ee-424fad2003b7,266,Neill,Baumadier,nbaumadier1b@jugem.jp,139,,0,0,1530897793
0650ddce-1fa9-4b17-a293-e5506b3dba24,264,Zonda,Mattek,zmattek1c@pinterest.com,140,,0,0,1530897793
c514aa9d-f7f2-48b4-dc0a-2ac4d8cab5a2,261,Helge,Ciciari,hciciari1d@eepurl.com,141,,1,1,1530897793
ec5cd8f8-a474-4af1-b003-d0007d07a8a8,259,Riva,Delaprelle,rdelaprelle1e@wikispaces.com,142,,1,1,1530897793
5bc2ab6c-43fa-4171-f037-50bea59cdee6,247,Lisabeth,Mordin,lmordin1f@nhs.uk,143,,1,1,1530897793
7e899c39-5d7c-4692-f578-822fbd42b20e,243,Ola,Fitzroy,ofitzroy1g@constantcontact.com,144,,0,0,1530897793
11660548-19f3-4e3c-9377-4a2f8a44770a,239,Jane,Smy,jsmy1h@123-reg.co.uk,145,,1,1,1530897793
dabf993a-0064-4136-9af6-ea773fd07911,239,Correy,Seabrooke,cseabrooke1i@discovery.com,146,,1,1,1530897793
9309df5b-7444-408f-c4b5-576809ca568c,239,Lanny,Voase,lvoase1j@yahoo.com,147,,1,1,1530897793
1b3f583d-0742-4b6e-b367-41c490c7518a,239,Timmie,Artus,tartus1k@japanpost.jp,148,,1,1,1530897793
df7e53b3-c37f-4a20-947e-4212407f7f10,239,Raffaello,Shrubshall,rshrubshall1l@amazon.de,149,,0,0,1530897793
a720acdc-12fd-4631-f508-617ef89ea40a,234,Merilee,Deverale,mdeverale1m@buzzfeed.com,150,,0,0,1530897793
ba8faadd-33cd-401c-a861-e0ede38e79d4,228,Horacio,Radeliffe,hradeliffe1n@desdev.cn,151,,1,1,1530897793
14f95393-3506-46e7-c7fe-3048dd8968b8,222,Randa,Boothe,rboothe1o@ucoz.com,152,,1,1,1530897793
1f686c71-fc14-416e-f624-0f0726982b5d,219,Bendix,Ghilardi,bghilardi1p@t.co,153,,0,0,1530897793
daebffc6-885e-43a5-aa4c-773f89949c75,218,Olvan,Ridel,oridel1q@imdb.com,154,,1,1,1530897793
4491dc15-5668-4cd8-f75c-083ada865a30,217,Desi,Cotilard,dcotilard1r@cbslocal.com,155,,0,0,1530897793
5cf651e2-08d1-4825-8e02-ea35a25e8409,216,Guglielma,Claricoats,gclaricoats1s@furl.net,156,,1,1,1530897793
c8913d97-34db-4413-ff5b-4e22ef861870,214,Marco,Slate,mslate1t@answers.com,157,,1,1,1530897793
e8231a23-481a-4597-83fe-d1a77f49351e,214,Austin,Baruch,abaruch1u@springer.com,158,,0,0,1530897793
79abf255-0f25-4d51-a104-d256dbe0d344,212,Lanae,Callender,lcallender1v@unblog.fr,159,,0,0,1530897793
25b06abd-cf58-47c0-c42c-cee86ddb234f,208,Mathias,Dallyn,mdallyn1w@vkontakte.ru,160,,0,0,1530897793
2d1bb90a-e7d9-4522-88c0-0a484377180b,202,Muriel,Baltzar,mbaltzar1x@cisco.com,161,,0,0,1530897793
78da9e73-67f5-4810-92eb-76348dc1c278,198,Sadie,Saladino,ssaladino1y@aol.com,162,,1,1,1530897793
1ff11407-3d95-483d-810e-850bae044161,198,Veronica,Dulany,vdulany1z@studiopress.com,163,,1,1,1530897793
2c6e779b-fbba-4051-9ef8-9cea358623c7,194,Jourdan,Harken,jharken20@icq.com,164,,1,1,1530897793
95d4064a-7eb5-487a-a34a-488bda5334ce,193,Josephine,Riding,jriding21@bbb.org,165,,1,1,1530897793
42cc2c69-6fe8-4d23-95e3-baaa5175a706,192,Myrtice,Livermore,mlivermore22@nhs.uk,166,,1,1,1530897793
80fe081f-0875-4b27-85d4-31d2245a95bd,189,Helge,Wenden,hwenden23@e-recht24.de,167,,1,1,1530897793
34b8e7fd-e1a2-4cc3-a5f7-ff8a1ad130ac,188,Shea,Sawforde,ssawforde24@tripadvisor.com,168,,0,0,1530897793
8c97022a-8daa-4786-858c-2694e45ef493,187,Anselm,Pedrielli,apedrielli25@chronoengine.com,169,,0,0,1530897793
73064468-234a-456a-cc77-3f89949c75cd,181,Gertrudis,Hutton,ghutton26@yandex.ru,170,,0,0,1530897793
f7770948-1871-4d69-bba5-d64aa39dab7b,178,Beatrisa,Targe,btarge27@theglobeandmail.com,171,,1,1,1530897793
1f9d9289-7038-4832-81c3-dc928876eb33,177,Wallis,Milton-White,wmiltonwhite28@symantec.com,172,,0,0,1530897793
a4d800f2-3864-44bf-b1b6-9f6f0edab39e,177,Conney,Jarville,cjarville29@usda.gov,173,,0,0,1530897793
3935ed38-1fe8-4e1e-c9f2-3b98101e4239,175,Helaina,Beake,hbeake2a@latimes.com,174,,0,0,1530897793
008cc22c-0cdf-4183-a617-0f2a3772a719,170,Ram,Kelson,rkelson2b@eventbrite.com,175,,0,0,1530897793
7aa7df42-9182-4978-9f46-1336d312b584,170,Prentiss,MacKaig,pmackaig2c@creativecommons.org,176,,0,0,1530897793
fb8994dd-a883-432a-bf72-b93229b860ef,165,Phyllis,Beecroft,pbeecroft2d@friendfeed.com,177,,1,1,1530897793
fd5bb7b1-5bd1-438f-d887-a49d912a775a,162,Carolan,Vizor,cvizor2e@istockphoto.com,178,,1,1,1530897793
046326d5-b142-4340-a75d-1f25e06f3540,156,Griffy,Lindup,glindup2f@wired.com,179,,0,0,1530897793
0ebcd228-1e47-4ac8-e882-d6adc37d7950,156,Phyllys,Crockatt,pcrockatt2g@etsy.com,180,,1,1,1530897793
0d847360-711c-4f68-ad6b-9ccddbc72cc0,155,Alicea,Pirelli,apirelli2h@bigcartel.com,181,,1,1,1530897793
dcd89878-801f-407c-a106-f48a68b3603c,154,Connor,Boow,cboow2i@google.pl,182,,0,0,1530897793
2aaa0d01-ed5b-415b-d35b-c94ec71c525e,152,Levon,Yeld,lyeld2j@oakley.com,183,,0,0,1530897793
b61d5044-fe03-4ab6-c911-3fc948409199,151,Clovis,Meeke,cmeeke2k@odnoklassniki.ru,184,,0,0,1530897793
5e3d806e-ce65-4cb1-b468-b6773f2e83f9,151,Sophi,Lamborne,slamborne2l@wp.com,185,,0,0,1530897793
d06095a5-fee9-49e4-b1b5-23ddf54e95fe,150,Vinita,Penhall,vpenhall2m@dailymail.co.uk,186,,0,0,1530897793
61463d23-1f66-4a4c-b73f-89949c75cda0,150,Darelle,Van Dale,dvandale2n@japanpost.jp,187,,1,1,1530897793
5ccd2d23-1f66-4a4c-b73f-89949c75cda0,150,Gail,Raddish,graddish2o@ameblo.jp,188,,1,1,1530897793
aa7b5974-7584-43b5-bd24-15aee53e3829,149,Anstice,Ryce,aryce2p@zdnet.com,189,,1,1,1530897793
fb21dfbe-94d4-491a-a5a3-18fab9849ad2,148,Harley,Marguerite,hmarguerite2q@cocolog-nifty.com,190,,1,1,1530897793
9223a04a-692b-470f-abdd-2591c8ac5b5b,147,Udell,Jacobovitch,ujacobovitch2r@wix.com,191,,1,1,1530897793
0a86b98c-2b87-4c2d-b92e-07f7cb802462,147,Candice,Polak,cpolak2s@zdnet.com,192,,0,0,1530897793
8b7accf1-2d65-475f-9a7d-dc6758fd7bbf,143,Elsy,Fernez,efernez2t@nba.com,193,,0,0,1530897793
c6ec05ea-8255-4555-a3b1-d9c8ba41762c,142,Emelda,Iban,eiban2u@phpbb.com,194,,0,0,1530897793
8304bac3-5add-4a0b-b2ae-1552d2dda845,141,Myrtie,Newlove,mnewlove2v@noaa.gov,195,,1,1,1530897793
596e0203-5f55-40d5-9079-aa2f6239ba11,141,Roth,Mongeot,rmongeot2w@harvard.edu,196,,1,1,1530897793
2852cc14-37b3-4306-8184-360565e52216,138,Lucien,Tainton,ltainton2x@stumbleupon.com,197,,0,0,1530897793
928a12c8-885e-43a5-aa4c-773f89949c75,136,Nikolas,Culpin,nculpin2y@nyu.edu,198,,0,0,1530897793
df73fcfe-d548-439f-9e69-ab2e6d16e759,134,Libby,Bownas,lbownas2z@elpais.com,199,,1,1,1530897793
d1583f50-e777-4486-c0f5-71530f73b407,131,Tiffani,Fisbey,tfisbey30@salon.com,200,,1,1,1530897793
9357635f-616a-4047-a789-4d74d0fc293b,130,Sheri,Wedlake,swedlake31@webmd.com,201,,0,0,1530897793
a962e80d-1c05-448a-863e-25e26fa95edc,130,Dita,Roxburch,droxburch32@dailymotion.com,202,,1,1,1530897793
9883b590-1f66-4a4c-b73f-89949c75cda0,130,Orazio,Annwyl,oannwyl33@freewebs.com,203,,0,0,1530897793
a25ce6e5-f789-4ba0-a848-9ad2d538c0c8,127,Dinnie,Oakwell,doakwell34@buzzfeed.com,204,,1,1,1530897793
72a428f4-c228-49d8-9eae-8a9270dff64b,125,Menard,Salmond,msalmond35@twitpic.com,205,,0,0,1530897793
4b6ffb35-885e-43a5-aa4c-773f89949c75,123,Blythe,Halshaw,bhalshaw36@about.com,206,,1,1,1530897793
1aa3b3d0-e8ae-47f5-a9de-9175c7b97e3d,123,Fancie,Redding,fredding37@harvard.edu,207,,1,1,1530897793
45e9ab77-f86e-4f65-a14d-22f88491f34a,122,Iorgo,Smedley,ismedley38@dmoz.org,208,,0,0,1530897793
c641e6bf-e8a8-42f8-f27b-e17b24eff733,120,Archer,Clac,aclac39@wiley.com,209,,0,0,1530897793
6d517387-234a-456a-8c77-3f89949c75cd,118,Leeland,Harris,lharris3a@freewebs.com,210,,1,1,1530897793
81c51a24-885e-4d56-ee61-c7ec57a9637c,117,Gertrudis,Janeway,gjaneway3b@chron.com,211,,0,0,1530897793
004b7411-3417-4338-f0cb-ee31d88ff541,116,Hugibert,Adamski,hadamski3c@elegantthemes.com,212,,1,1,1530897793
a9aaba33-1294-4f32-bcfb-6b6b24c49f0b,116,Norma,Sieb,nsieb3d@army.mil,213,,0,0,1530897793
9169f42c-87d1-4b8d-9a7e-edbec65e6f1e,112,Scotty,Losselyong,slosselyong3e@flavors.me,214,,1,1,1530897793
b17f4962-5746-4287-8c89-0bbfb9a9bad9,110,Izak,Grigoryov,igrigoryov3f@163.com,215,,0,0,1530897793
e7d8f7d7-7fa5-4fae-861d-048d5d330e52,110,Ericka,Brind,ebrind3g@ebay.co.uk,216,,1,1,1530897793
7f2305ab-c630-4bd9-9beb-2a1136d384f6,110,Phillis,O'Farrell,pofarrell3h@skype.com,217,,1,1,1530897793
579d53a9-4bd7-41bc-be82-2690ba50f42a,109,Garald,Lightowlers,glightowlers3i@geocities.jp,218,,1,1,1530897793
f13d60dc-0205-4fc7-af84-5eb373758561,109,Bambi,Thomke,bthomke3j@ycombinator.com,219,,0,0,1530897793
ef67e0e4-cf0f-4085-bb14-b64944909c7a,109,Shena,Brouwer,sbrouwer3k@github.io,220,,0,0,1530897793
ffe581e1-1f66-4a4c-b73f-89949c75cda0,108,Milo,Beningfield,mbeningfield3l@exblog.jp,221,,0,0,1530897793
bdd795ae-97be-4155-ad2d-da845881b651,108,Nils,Blacklidge,nblacklidge3m@hibu.com,222,,1,1,1530897793
3452b49a-f1fa-49c5-8b53-448857714456,107,Gloria,Dyott,gdyott3n@unicef.org,223,,1,1,1530897793
a86a447a-e29a-4c8e-81ad-00ad99413792,107,Adrianne,Umpleby,aumpleby3o@howstuffworks.com,224,,0,0,1530897793
5f5e5519-b202-456c-9d1e-bc5eaf0f31b1,106,Revkah,Goldsack,rgoldsack3p@si.edu,225,,0,0,1530897793
983ecf25-885e-43a5-aa4c-773f89949c75,105,Debra,Waddingham,dwaddingham3q@google.ru,226,,0,0,1530897793
2bfd8d25-885e-43a5-aa4c-773f89949c75,105,Philis,Hurd,phurd3r@tiny.cc,227,,0,0,1530897793
4f11a35d-7953-4931-f188-8305278f08d7,104,Inger,Loveday,iloveday3s@alibaba.com,228,,0,0,1530897793
1a5926e8-a346-4ffd-a990-ed3f9dde780f,104,Cosimo,Davion,cdavion3t@alibaba.com,229,,0,0,1530897793
7e6d6bbf-8a16-46c2-9d28-fc325522a4eb,104,Artur,Worsnip,aworsnip3u@meetup.com,230,,1,1,1530897793
1e87363e-76d1-4e46-8fa9-e845b62143a8,103,Marina,Gorling,mgorling3v@fastcompany.com,231,,0,0,1530897793
1739ad0a-5e5a-4ed1-810e-b22ba1729655,103,Carline,Chrispin,cchrispin3w@ebay.co.uk,232,,0,0,1530897793
89c8d1ee-4fc8-41e4-bddb-55841d79cf1a,103,Susanne,Hulland,shulland3x@hubpages.com,233,,1,1,1530897793
fe2abcc3-8461-43d4-9ba4-ecd2d7227320,102,Cherida,Suche,csuche3y@jiathis.com,234,,0,0,1530897793
5d62894d-8d6e-4770-b72e-9f93f8c4a6d9,102,Cacilie,Spini,cspini3z@theglobeandmail.com,235,,1,1,1530897793
35360a71-f49f-4c8f-944d-936b81b18e5b,101,Marion,Deathridge,mdeathridge40@weibo.com,236,,1,1,1530897793
851dfbbe-9b67-4b61-a648-6feea80d4174,101,Cristy,Bresner,cbresner41@opensource.org,237,,0,0,1530897793
5d56dda5-3ce5-4c0c-f9cf-578aea97b3e9,100,Allard,Gummow,agummow42@chron.com,238,,1,1,1530897793
1eae8bbb-1a70-44d2-851b-d20c3cf0c629,100,Aindrea,Meeny,ameeny43@ihg.com,239,,0,0,1530897793
8c1c5db5-c021-450e-b798-ce7d823e8826,100,Dyan,Golbourn,dgolbourn44@feedburner.com,240,,1,1,1530897793
c5f87f94-9723-4dcc-acf9-895344653fd6,99,Wilie,Cuddehy,wcuddehy45@yahoo.com,241,,1,1,1530897793
27e4c237-1b3c-412d-a681-a93b864dd733,99,Sheba,Lowther,slowther46@pinterest.com,242,,0,0,1530897793
322d193d-131d-4adb-d2ad-f9f0b69ac402,98,Foster,Shills,fshills47@ebay.com,243,,0,0,1530897793
24fe3311-eead-4a5b-80d0-a60acd7ee3b1,97,Ethelyn,Fabbri,efabbri48@businessweek.com,244,,1,1,1530897793
07a65282-950d-49f6-a9e6-250d70d2d81d,97,Morten,Brantzen,mbrantzen49@va.gov,245,,0,0,1530897793
bd20d5fc-f8f1-4a50-b5da-22a501f5b120,95,Emlen,Berriball,eberriball4a@biglobe.ne.jp,246,,0,0,1530897793
9ae465c5-2202-4ede-a89f-f85534434afa,95,Krystalle,Frichley,kfrichley4b@elpais.com,247,,1,1,1530897793
b4f300e3-9d2a-4863-acdf-9303dec6e340,95,Reggie,Melding,rmelding4c@theglobeandmail.com,248,,1,1,1530897793
92043bcd-9543-4634-8b23-9af458fa1277,94,Susy,Woodus,swoodus4d@cdc.gov,249,,1,1,1530897793
19a32cce-5d0b-4c62-a6d4-825a0c57e715,93,Claudelle,Estevez,cestevez4e@va.gov,250,,1,1,1530897793
cd743c1c-6c09-4079-a501-7d09f803d861,91,Jonie,Bottrell,jbottrell4f@dmoz.org,251,,1,1,1530897793
00113c9c-852c-4395-b721-8f60c399017f,91,Kissiah,Eudall,keudall4g@shutterfly.com,252,,0,0,1530897793
3c40d599-9548-4376-9b29-3d2982068632,90,Gabriellia,Toner,gtoner4h@arstechnica.com,253,,1,1,1530897793
07085a18-a10a-459e-880e-38e09d8023dc,89,Petra,Fyldes,pfyldes4i@topsy.com,254,,0,0,1530897793
0bc0a0de-a22e-4f02-8638-8148528137ea,89,Mathe,Maymond,mmaymond4j@alibaba.com,255,,0,0,1530897793
73961d59-9b0b-4f7e-8543-0eaf0d47e961,88,Sherill,Matkin,smatkin4k@usatoday.com,256,,1,1,1530897793
6a273b66-23dd-4990-9028-f92ce99fa38c,88,Catherina,Jays,cjays4l@yolasite.com,257,,0,0,1530897793
f5aecd45-d0ba-48a4-bc50-3590ec5d0d4d,88,Willy,McGrouther,wmcgrouther4m@fema.gov,258,,1,1,1530897793
010bf0a8-ba3f-44f3-a6af-84f688ca4505,87,Leupold,Benediktsson,lbenediktsson4n@webeden.co.uk,259,,0,0,1530897793
872f674b-af98-4824-b9e2-81b8fe3f4664,86,Magdaia,McTavy,mmctavy4o@patch.com,260,,0,0,1530897793
dd36620e-4023-418b-ad92-7bbac96fa893,83,Portie,Basile,pbasile4p@house.gov,261,,0,0,1530897793
27416c45-f9f3-4c62-a327-8796949827f8,83,Brandon,Girardetti,bgirardetti4q@simplemachines.org,262,,0,0,1530897793
881de859-2d5e-4d87-97d7-c9edb8263836,83,Ellie,Gherarducci,egherarducci4r@storify.com,263,,1,1,1530897793
5b0ef0e4-79a4-433d-88bd-22901158af12,82,Antony,Gobourn,agobourn4s@stumbleupon.com,264,,1,1,1530897793
0dbfd572-cb3c-4a7b-98e9-14c64ad5f02b,81,Raleigh,Safhill,rsafhill4t@paypal.com,265,,1,1,1530897793
2504a79b-1729-49cc-ab3c-e45583d050a1,81,Esta,McAlindon,emcalindon4u@spotify.com,266,,0,0,1530897793
12fa56ec-08ee-4cb0-9d46-14102ce7d8c5,80,Coreen,Iley,ciley4v@imageshack.us,267,,1,1,1530897793
b9676f88-5f90-452f-933e-f2deec061144,80,Barbette,Shand,bshand4w@blogs.com,268,,1,1,1530897793
1ba93f23-71ea-4ed6-b421-bceaeff044e9,79,Garrot,Threlkeld,gthrelkeld4x@eventbrite.com,269,,0,0,1530897793
d4a80f61-e1e2-4332-bd93-17de551aff5c,79,Goldina,Kedward,gkedward4y@163.com,270,,1,1,1530897793
3ddac45f-092a-4912-9d0b-0749d0764533,78,Ronny,Shills,rshills4z@i2i.jp,271,,1,1,1530897793
78d58e63-cdf5-4235-a85d-577c5f967ca6,76,Lucila,Jindracek,ljindracek50@taobao.com,272,,1,1,1530897793
5d94903e-203f-4300-b960-199355be6e75,75,Joell,McCarly,jmccarly51@tinypic.com,273,,1,1,1530897793
87a76805-ee95-4c22-b27d-36e41ece5c69,75,Madeleine,Union,munion52@wp.com,274,,0,0,1530897793
afc690c5-e746-445a-a5fc-9328d3811deb,74,Antonio,Meran,ameran53@nytimes.com,275,,0,0,1530897793
d21aa2d0-d78d-4892-b435-c51370e54b0d,73,Perkin,Dracey,pdracey54@discuz.net,276,,0,0,1530897793
9c452b20-e596-4fd8-ac86-df79e190e140,73,Trstram,Ancell,tancell55@homestead.com,277,,1,1,1530897793
1e13ec73-e766-4f12-9b5d-6e2d669d9587,73,Berne,Cinelli,bcinelli56@virginia.edu,278,,0,0,1530897793
394698fd-459a-489e-9a76-42d8d0d594da,73,Milo,Tavernor,mtavernor57@stanford.edu,279,,1,1,1530897793
af1b032d-e32d-40ef-ed08-4d28768329ac,72,Ximenez,Vedishchev,xvedishchev58@cbslocal.com,280,,0,0,1530897793
c871a888-9b96-4a4a-fd91-2a1aa03c1b25,72,Ernestine,Ludwikiewicz,eludwikiewicz59@wiley.com,281,,1,1,1530897793
b9662d99-ccab-489b-a64e-e39915d7cd52,72,Morie,Well,mwell5a@tripod.com,282,,1,1,1530897793
817456b6-57ba-41b1-b06f-b92ad9c021f7,71,Deanna,Beeton,dbeeton5b@wix.com,283,,1,1,1530897793
21f478e1-11ec-47dd-a40a-2f5165b6b43d,71,Vevay,Shellsheere,vshellsheere5c@independent.co.uk,284,,0,0,1530897793
32d9ffe3-726f-4d2b-e28a-0cbffbff725a,71,Lorry,Bibby,lbibby5d@timesonline.co.uk,285,,0,0,1530897793
2896b964-45cc-42a0-ac2c-81bb53b73d3b,70,Erminie,Etches,eetches5e@newsvine.com,286,,1,1,1530897793
105d7a97-64d9-4c8d-b84c-3e31b5c4523b,69,Bekki,McSherry,bmcsherry5f@theglobeandmail.com,287,,0,0,1530897793
1ce992da-8065-4e9b-dc35-77552c123763,68,Alta,Bramley,abramley5g@wordpress.org,288,,1,1,1530897793
1ff06788-2e33-4611-84b3-1239613b30dd,68,Ida,Swannack,iswannack5h@harvard.edu,289,,0,0,1530897793
ef80ff30-61aa-4de6-8b4a-6d792f3cef3a,68,Nathalia,Alvin,nalvin5i@surveymonkey.com,290,,0,0,1530897793
ee01be2b-eff1-4464-ab00-7df7694b5c1b,68,Mason,Gulliford,mgulliford5j@rakuten.co.jp,291,,0,0,1530897793
3e7eb362-6919-49e6-c389-9251812cbdf3,67,Shell,Grevatt,sgrevatt5k@google.co.jp,292,,1,1,1530897793
af0d1a4d-4910-49c2-9cb4-74799c71a0db,67,James,Gier,jgier5l@mozilla.com,293,,1,1,1530897793
17e27490-cbdc-429b-997a-693b96e1a3d9,66,Atlante,Niese,aniese5m@ft.com,294,,0,0,1530897793
7448cafb-dcee-40a4-b061-e74e11d8611f,66,Binni,Pawlaczyk,bpawlaczyk5n@admin.ch,295,,1,1,1530897793
bcf34dce-1040-4c1f-9cdb-10fa56a65f78,66,Jayme,Pimerick,jpimerick5o@bbc.co.uk,296,,0,0,1530897793
6bc3829e-df7d-4a0e-c1ea-a54c34a82056,64,Tabb,Zisneros,tzisneros5p@dailymail.co.uk,297,,1,1,1530897793
5ced620b-d2e2-46ea-8aae-cc7fc391cc14,64,Massimiliano,Lamprecht,mlamprecht5q@time.com,298,,1,1,1530897793
467da06b-0cb4-4872-d578-ddff7dfbb17d,64,Zacharie,Maggorini,zmaggorini5r@unicef.org,299,,0,0,1530897793
ac307057-f4a4-4c82-bd77-c8af5f69e8ef,63,Boot,Brelsford,bbrelsford5s@microsoft.com,300,,1,1,1530897793
6d6491d1-964f-4892-a96c-53f7e1ea7b02,63,Nobie,Elsop,nelsop5t@usa.gov,301,,1,1,1530897793
ffeb0a55-044c-466e-cfd8-2bb2ea378ad8,63,Leicester,Simenel,lsimenel5u@google.com.au,302,,0,0,1530897793
301fb8df-62ed-4c70-91a1-2c368180418d,63,Verine,Luparti,vluparti5v@ehow.com,303,,0,0,1530897793
1c40ee3d-f28f-471f-e4d3-8770e055dd1e,62,Gayla,McLorinan,gmclorinan5w@cloudflare.com,304,,1,1,1530897793
f015483d-d5ae-4a20-b00a-b6c62aca3006,62,Farand,Matuszinski,fmatuszinski5x@fc2.com,305,,0,0,1530897793
65f509d8-ba89-4f47-a898-caf733a4f079,62,Andria,Miliffe,amiliffe5y@mediafire.com,306,,0,0,1530897793
6e40284e-b0ac-4e8d-abce-cf76b2529296,62,Piggy,Comben,pcomben5z@bloglovin.com,307,,1,1,1530897793
1101afbe-3a7e-4d1f-adde-368dd8e2a3ad,62,Pier,Jutson,pjutson60@hp.com,308,,0,0,1530897793
23746c59-ecd4-4e81-9568-0ef4e5080ac3,61,Thorndike,Tripon,ttripon61@xinhuanet.com,309,,1,1,1530897793
e6404f77-221a-4fac-aebc-7499d2fc534f,61,Morse,Muttitt,mmuttitt62@ask.com,310,,1,1,1530897793
2e64afd8-b63c-4921-b2fa-58d624423e0e,61,Archy,Fawdry,afawdry63@qq.com,311,,0,0,1530897793
e4ea7921-133e-451a-c073-74e092df311d,61,Abelard,Ellcock,aellcock64@artisteer.com,312,,1,1,1530897793
297d7aaa-a3b3-47a7-8e71-10ccba411ce7,60,Dyane,Rochell,drochell65@arizona.edu,313,,1,1,1530897793
ab2cc1c9-4b64-4b48-ddfc-14cb3e78d41e,59,Tatiania,Ive,tive66@cocolog-nifty.com,314,,1,1,1530897793
f47ef8cb-54f3-4598-a6d2-a72ec834df2b,59,Cheston,Akess,cakess67@admin.ch,315,,1,1,1530897793
29486302-8cbc-4e00-bc98-46194c41b89a,58,Dottie,Darridon,ddarridon68@webmd.com,316,,1,1,1530897793
ffa6b24f-ef96-4427-81a2-4e1066381b92,57,Marlin,Chaffen,mchaffen69@cmu.edu,317,,0,0,1530897793
91de377a-aee6-44fa-b90d-9ad7a5f203bf,57,Conway,Gobbett,cgobbett6a@wordpress.com,318,,1,1,1530897793
9a35c356-6b44-400c-9240-adbc4180253c,57,Stanislaw,Normington,snormington6b@mit.edu,319,,0,0,1530897793
196b17df-d265-48e5-c933-793535c0ef21,57,Alyosha,Melley,amelley6c@163.com,320,,0,0,1530897793
34255a64-609a-41de-ac5d-5746a46c7b3c,57,Katerina,Nind,knind6d@ehow.com,321,,1,1,1530897793
bc8b3d6b-4b51-4632-8068-a81c84760eb5,57,Broderick,Brownlie,bbrownlie6e@bing.com,322,,0,0,1530897793
7d19b09b-1434-4524-9ae1-a29cf46e88b6,57,Tobin,Really,treally6f@blog.com,323,,1,1,1530897793
973f53f4-e693-4c7d-8745-7ce37e77bb7e,56,Rowe,Seadon,rseadon6g@thetimes.co.uk,324,,1,1,1530897793
cf0f6f51-8089-4987-b5d6-1222b4930a14,56,Gerta,Wroath,gwroath6h@scientificamerican.com,325,,0,0,1530897793
46b59afd-5f3d-4fe7-a4dd-1599dc82fa57,56,Merrick,Heyburn,mheyburn6i@bing.com,326,,0,0,1530897793
3bfe0620-7952-44e5-fb29-19872f0ddf1c,56,Dael,Sporle,dsporle6j@ning.com,327,,1,1,1530897793
ea91e880-43cb-44d2-8ac3-2402c319f6b2,55,Herminia,Grzeszczak,hgrzeszczak6k@facebook.com,328,,1,1,1530897793
96affd43-31c1-46f7-c5f2-b9ff77bab02d,55,Ladonna,Duckhouse,lduckhouse6l@msu.edu,329,,1,1,1530897793
9bab5dd1-4cbb-4761-87ec-c41017045e8a,55,Travers,Manicomb,tmanicomb6m@ow.ly,330,,0,0,1530897793
230a827b-92a3-4c47-ade8-789c7f125951,55,Walden,Ludee,wludee6n@tripod.com,331,,0,0,1530897793
c2c18e99-6402-403c-b565-1ef045270de2,55,Rosemarie,Good,rgood6o@webmd.com,332,,1,1,1530897793
98542192-4bfc-4cde-9a83-0b3241bd38dd,55,Ellyn,Tithecott,etithecott6p@youtu.be,333,,1,1,1530897793
cebf824c-dcbb-40a2-be26-a16f3abcb905,54,Helen-elizabeth,Geggus,hgeggus6q@ft.com,334,,1,1,1530897793
15ddb1d6-7902-4b7c-8a7f-d9910d9af5bf,54,Carmine,Maciak,cmaciak6r@opera.com,335,,0,0,1530897793
7b0eea95-e04d-4fb6-ee6a-d1e8d96647fd,54,Madelin,Merdew,mmerdew6s@skype.com,336,,0,0,1530897793
20ece3b7-67fa-4df0-9334-6c6e790ca85f,53,Tobye,Pude,tpude6t@loc.gov,337,,1,1,1530897793
d146dc72-2279-44a1-ea1e-c6a1ee53b008,53,Kessia,Iley,kiley6u@gizmodo.com,338,,1,1,1530897793
c5ca6897-da91-402d-e3d9-99f7633bd95e,53,Nicolette,Le Grove,nlegrove6v@is.gd,339,,1,1,1530897793
7d6938b7-7e4a-46c2-fd34-4b802ad8b5bf,53,Lemmie,Espine,lespine6w@home.pl,340,,0,0,1530897793
29774e2c-e8ab-43fd-bc3a-eae1017a72f4,53,Rustie,St Pierre,rstpierre6x@youtube.com,341,,0,0,1530897793
eca74d1d-d6c1-4405-923e-6943417b92d3,53,Glenine,Jamison,gjamison6y@blogspot.com,342,,0,0,1530897793
412afe1d-9c6d-45bc-e0a6-324a598cb52e,53,Zachary,Bunclark,zbunclark6z@github.io,343,,0,0,1530897793
d40a68b8-503d-4f7d-bbb1-8352bf3ac4e0,53,Diarmid,Applewhite,dapplewhite70@sogou.com,344,,1,1,1530897793
050067ba-f82d-4905-83d7-36c5b859b840,52,Dolley,Colpus,dcolpus71@flickr.com,345,,1,1,1530897793
d5d3d1bb-bdab-4fe3-a4a7-350260cda95f,52,Dalenna,Toffetto,dtoffetto72@yolasite.com,346,,1,1,1530897793
de29f0dc-8afc-4fde-d1d5-19d50ef41ae4,52,Temp,Thorrold,tthorrold73@home.pl,347,,1,1,1530897793
fa439160-6ff8-422b-ae58-9762deb5c3d0,52,Maritsa,Goodfield,mgoodfield74@ifeng.com,348,,1,1,1530897793
edce5499-93da-4b72-89c5-13fe17d15733,52,Channa,Prate,cprate75@indiatimes.com,349,,1,1,1530897793
819365f2-919c-41df-9288-6b2aad3b3c6d,52,Devin,de Clerk,ddeclerk76@japanpost.jp,350,,1,1,1530897793
51a4bc83-7379-4259-ba1b-dcfd12346406,52,Roscoe,Manchett,rmanchett77@wix.com,351,,1,1,1530897793
b50b323d-53ba-47a8-8050-ffa78892fae4,51,Dorita,Beglin,dbeglin78@ustream.tv,352,,0,0,1530897793
de099aa5-bffc-45cb-9d09-3e4efe669129,51,Salomi,Gozzett,sgozzett79@i2i.jp,353,,1,1,1530897793
714337b6-d4fc-4a21-80c2-825067753323,51,Loy,Portch,lportch7a@ameblo.jp,354,,0,0,1530897793
728a20df-cfb8-4805-b202-dca86a70cceb,51,Sonia,Dellar,sdellar7b@businessinsider.com,355,,0,0,1530897793
461f1d31-3749-457f-88bc-e90b8f87b8b2,51,Timothee,Hansley,thansley7c@newsvine.com,356,,0,0,1530897793
5b5e838c-a4d5-424d-aad2-2693204e063f,51,Franny,Cashen,fcashen7d@slideshare.net,357,,0,0,1530897793
59312347-f364-4249-b0c6-fd19bed4c694,51,Nichole,Niesing,nniesing7e@printfriendly.com,358,,1,1,1530897793
5dd77ca3-aebf-44d3-ad4c-a55772b89ece,51,Chucho,Menichillo,cmenichillo7f@elegantthemes.com,359,,0,0,1530897793
96bc696e-2a47-4e4d-96c6-d2bfc6367258,51,Erma,Iban,eiban7g@slate.com,360,,1,1,1530897793
db1ff557-b121-4773-d79c-611b230e26d4,51,Ciel,Eames,ceames7h@list-manage.com,361,,1,1,1530897793
280fddae-3661-4f17-8248-3460245333b8,51,Dud,Ramshay,dramshay7i@devhub.com,362,,1,1,1530897793
55821050-4df9-4850-9d61-78115677f417,51,Staford,Coverdale,scoverdale7j@arstechnica.com,363,,1,1,1530897793
99b7dfda-a48a-48da-85ed-80f099a7032e,15,Zenia,Cordall,zcordallp8@example.com,364,,0,0,1530897793
36d399e4-096c-4432-ada2-a050ce231db2,15,Obadiah,Jellicorse,ojellicorsep9@foxnews.com,365,,1,1,1530897793
c495e27a-c6a6-48a7-aea0-841200391b2e,15,Shena,Drennan,sdrennanpa@clickbank.net,366,,0,0,1530897793
bfb71c19-1816-4419-87ab-27aaff52806b,15,Julie,MacLice,jmaclicepb@over-blog.com,367,,0,0,1530897793
c11cf344-cc49-4f56-b5c5-4cf84cc4f350,15,Alair,Obert,aobertpc@vinaora.com,368,,1,1,1530897793
a590281d-2062-4e3a-9672-91db1b9c5380,14,Kevon,Potteridge,kpotteridgepd@bbc.co.uk,369,,0,0,1530897793
f739133c-30ef-47bc-8c77-88e906ad1056,14,Camile,Dansey,cdanseype@ucoz.com,370,,1,1,1530897793
0bd9b6b9-aa76-4749-9af0-1c7f6f15f5a3,14,Giovanni,Husbands,ghusbandspf@time.com,371,,0,0,1530897793
f3087ba2-76fa-44ea-88d9-511ad56e2a31,14,Astrix,Tuxwell,atuxwellpg@wordpress.org,372,,0,0,1530897793
0bed21c4-1f66-4a4c-b73f-89949c75cda0,14,Annmarie,Breagan,abreaganph@tripod.com,373,,1,1,1530897793
f74e5251-f52c-4e0e-ab1e-8bcba9bab2f8,14,Winfield,Matthieson,wmatthiesonpi@istockphoto.com,374,,0,0,1530897793
034fa429-1642-48b7-916d-53f06404c3f7,14,Kari,Bareford,kbarefordpj@answers.com,375,,0,0,1530897793
3f571d99-32dd-4542-8c14-2c3a528a8cc2,14,Nefen,Twelve,ntwelvepk@google.ru,376,,0,0,1530897793
b03a735b-b093-4fe3-83ea-37791988f572,14,Barrie,Parades,bparadespl@gmpg.org,377,,1,1,1530897793
e50e657b-341b-4fc2-dc01-e4e772f0e700,14,Josiah,Crisall,jcrisallpm@soundcloud.com,378,,0,0,1530897793
4980c7cc-2f68-484c-9fc9-f92d66b90823,14,Ave,Keeble,akeeblepn@java.com,379,,0,0,1530897793
c69f5db5-c8e3-4b56-a0da-2bb78966895d,14,Kyrstin,Weaver,kweaverpo@boston.com,380,,1,1,1530897793
d9f0fc55-d1dc-4482-828c-d53aab3eb334,14,Sylvan,Laffling,slafflingpp@weebly.com,381,,0,0,1530897793
fd85d962-e1d9-4ee5-8e13-680678211169,14,Liana,Cullagh,lcullaghpq@europa.eu,382,,0,0,1530897793
a09e35ba-d9ea-49da-f401-55f75d7a645d,14,Stace,Bernardy,sbernardypr@wix.com,383,,1,1,1530897793
71f12d5e-ea05-4bf4-a01c-5bfb55615bbd,14,Alfy,Bottjer,abottjerps@google.ca,384,,0,0,1530897793
cf15fee8-885e-43a5-aa4c-773f89949c75,14,Barry,Esche,beschept@linkedin.com,385,,1,1,1530897793
f88f043a-189d-43ad-aadb-82218241cada,14,Thacher,Lichfield,tlichfieldpu@rediff.com,386,,0,0,1530897793
fafc78b3-d525-4aa5-b1b5-ac88c1480363,14,Glendon,Faraday,gfaradaypv@newyorker.com,387,,1,1,1530897793
f17cc44c-37e2-4dda-8458-81b6516c3384,14,Kaela,Kloska,kkloskapw@4shared.com,388,,1,1,1530897793
9f42b60c-0e04-45aa-9a3a-6250414f42eb,14,Wainwright,Janks,wjankspx@canalblog.com,389,,1,1,1530897793
5d578390-6e0f-48eb-aab5-534e87139666,14,Elizabet,Compton,ecomptonpy@moonfruit.com,390,,1,1,1530897793
eb556726-1f5c-430b-bfa7-a891258d51cb,14,Damita,Sapwell,dsapwellpz@cnet.com,391,,0,0,1530897793
d5ea06db-9e82-4a8c-ab1f-a4c6c4e8ddf7,13,Reagan,Burford,rburfordq0@mozilla.com,392,,0,0,1530897793
c8a2701e-f35f-4dda-ac94-53d269b1ac39,13,Efrem,Leathe,eleatheq1@chronoengine.com,393,,1,1,1530897793
f267ffb2-9c77-4965-9fb6-c34374675fd6,13,Elvira,Rounding,eroundingq2@adobe.com,394,,1,1,1530897793
e6f24f9b-bd0d-405d-ca7d-c28208d751de,13,Ninetta,Backe,nbackeq3@eventbrite.com,395,,0,0,1530897793
2e812e05-437d-4de6-b6b7-2b3c298e1e51,13,Adrianne,Sebastian,asebastianq4@washington.edu,396,,0,0,1530897793
345356e6-7cd0-4c72-89b3-f26ddcdbbf59,13,Levon,Bellows,lbellowsq5@gov.uk,397,,0,0,1530897793
d0e408cf-2cb8-4db8-9391-765066386e7e,13,Pierson,Richt,prichtq6@nasa.gov,398,,1,1,1530897793
5171a86d-0183-42d9-a5bd-8a59a7aa246d,13,Vassili,Clouter,vclouterq7@foxnews.com,399,,0,0,1530897793
ee2af3cc-4293-4f79-bd7b-01c47b951bef,13,Benni,Walczynski,bwalczynskiq8@ox.ac.uk,400,,0,0,1530897793
a490e991-2f53-443e-8d92-0268ebd8da87,13,Madlen,Gregorowicz,mgregorowiczq9@barnesandnoble.com,401,,0,0,1530897793
467c72ab-46ba-4afb-a894-f484064ed623,13,Bryanty,Anlay,banlayqa@springer.com,402,,0,0,1530897793
8feb39a7-edef-4e9c-d632-89af3bf2cde0,13,Benjie,Rendle,brendleqb@indiatimes.com,403,,0,0,1530897793
520a279e-7d3d-4bc4-bdcb-862eec043f8c,13,Phip,Hardy,phardyqc@sakura.ne.jp,404,,0,0,1530897793
3662d1e3-bd98-4196-89e4-7671cc1d1ee3,13,Anastassia,Spight,aspightqd@addtoany.com,405,,1,1,1530897793
84b8fe0a-d5f8-4670-9228-ee389d41af97,13,Clementius,Denis,cdenisqe@wikispaces.com,406,,1,1,1530897793
e4fb2b5a-4772-4866-ad56-96be92061e8d,13,Fionnula,Doidge,fdoidgeqf@vk.com,407,,0,0,1530897793
91197c25-0cad-4843-db7c-f448ae2c07fd,13,Raychel,Binnes,rbinnesqg@harvard.edu,408,,1,1,1530897793
c578b91f-a7a0-4877-873e-ffe0924d2cc6,13,Misti,Ashfull,mashfullqh@nbcnews.com,409,,1,1,1530897793
490999d8-34c9-4651-9cd8-d975f2e50a8e,44,Nikki,Turfrey,nturfrey8t@ft.com,410,,0,0,1530897793
f334e188-623b-4f62-91d3-3abc42ed4e27,44,Tybie,Brecknock,tbrecknock8u@google.nl,411,,0,0,1530897793
14a8b931-f0dd-491d-bfc8-900426fa82d5,44,Bevon,Coumbe,bcoumbe8v@naver.com,412,,0,0,1530897793
608d3bdf-5d9b-47c2-a401-f88163df2755,43,Shannon,Gherardelli,sgherardelli8w@squidoo.com,413,,0,0,1530897793
ef57a9a9-887e-47ee-9416-54799c3a3660,43,Dorella,Valens-Smith,dvalenssmith8x@hao123.com,414,,0,0,1530897793
65949b38-234a-456a-8c77-3f89949c75cd,43,Michal,Vernau,mvernau8y@smugmug.com,415,,1,1,1530897793
19d29c7e-0402-481c-97b4-6f26dd24a723,43,Eolande,Bernollet,ebernollet8z@de.vu,416,,0,0,1530897793
ddfc9a7b-929f-4441-a9a6-31b505dac413,43,Fredra,Denk,fdenk90@icio.us,417,,1,1,1530897793
f07c6f26-885e-43a5-aa4c-773f89949c75,43,Alden,Castleton,acastleton91@icio.us,418,,0,0,1530897793
5aa1d0cb-6178-4dc7-edf2-aca80989a510,43,Raina,Clemmen,rclemmen92@free.fr,419,,1,1,1530897793
976c767d-0195-4223-f8ee-82b990d5856d,43,Willi,Slessar,wslessar93@clickbank.net,420,,1,1,1530897793
9c5cfdd5-6948-4b72-a311-70bd091f222d,42,Cchaddie,McGilbon,cmcgilbon94@macromedia.com,421,,0,0,1530897793
83c0bbe2-6393-4c2f-f575-fe5581a8901e,42,Neil,Slocket,nslocket95@purevolume.com,422,,0,0,1530897793
f57c7731-8963-4e2f-a12b-3caa42bd4418,42,Bibby,Saladin,bsaladin96@adobe.com,423,,0,0,1530897793
9661a5ff-dcf7-4080-c6d9-188988695ca6,42,Danny,Sell,dsell97@sciencedaily.com,424,,0,0,1530897793
8fb816a9-d949-41c1-9272-b4fe879c823c,42,Linus,Cackett,lcackett98@google.co.uk,425,,0,0,1530897793
d9570803-1f66-4a4c-b73f-89949c75cda0,42,Ario,Worshall,aworshall99@thetimes.co.uk,426,,1,1,1530897793
19da9603-1f66-4a4c-b73f-89949c75cda0,42,Trula,Doog,tdoog9a@issuu.com,427,,1,1,1530897793
6f3ae752-cdea-4046-aaec-e3bc19685bcf,41,Edythe,Gother,egother9b@earthlink.net,428,,0,0,1530897793
c67ab511-87e2-4d7d-c18f-4bcb13f6b039,41,Ronnie,Mcwhinnie,rmcwhinnie9c@upenn.edu,429,,1,1,1530897793
7b528a40-bc35-4993-b3c7-8470ed22c800,41,Rianon,Pittle,rpittle9d@xinhuanet.com,430,,0,0,1530897793
e7690b28-d536-4fd8-9f5a-209b5bb594f8,40,Bessy,Mushart,bmushart9e@jugem.jp,431,,0,0,1530897793
0da8c302-ccdd-4f6a-9130-8a700b1b6937,40,Fancie,Guinn,fguinn9f@networkadvertising.org,432,,0,0,1530897793
81f61d6d-83f8-420e-d463-97e8afce9cfa,40,Estell,Nuzzi,enuzzi9g@samsung.com,433,,0,0,1530897793
36b732ff-b562-4920-868e-d2d931e057d7,40,Vinny,Philippou,vphilippou9h@ning.com,434,,0,0,1530897793
ee97635c-31ea-40bb-aae1-552d2dda8458,40,Nessie,Roxburch,nroxburch9i@themeforest.net,435,,0,0,1530897793
3e175489-898d-4c86-aa53-9f2d442d38c1,39,Phylis,Showers,pshowers9j@posterous.com,436,,0,0,1530897793
6a577d0d-568d-49fe-ad3d-f0d877730983,39,Torie,Dulanty,tdulanty9k@goo.gl,437,,0,0,1530897793
384ce9df-9555-41c4-a4e4-dba82cd6bb21,39,Kylila,Bloxsome,kbloxsome9l@pinterest.com,438,,1,1,1530897793
d8f6d896-5998-466d-8197-6233db2e2ffa,39,Randy,O' Clovan,roclovan9m@1688.com,439,,0,0,1530897793
99a5a9a2-1c55-4dad-b0f3-79191a34ac1c,39,Shirlee,Rumsey,srumsey9n@artisteer.com,440,,0,0,1530897793
8d1f5888-234a-456a-8c77-3f89949c75cd,39,Rowney,McCosker,rmccosker9o@wix.com,441,,0,0,1530897793
d5e42501-d2af-4650-a019-08f01ab7fa28,38,Ruy,Littefair,rlittefair9p@illinois.edu,442,,0,0,1530897793
126bca7f-d527-487d-b1ab-61d31575e1fd,38,Zachary,Healks,zhealks9q@alexa.com,443,,1,1,1530897793
e234dd0c-ef98-4288-85c8-dee2651cedb4,38,Silvana,Delamere,sdelamere9r@sourceforge.net,444,,1,1,1530897793
6096ca88-234a-456a-8c77-3f89949c75cd,38,Christan,Costen,ccosten9s@wp.com,445,,0,0,1530897793
8974d256-885e-43a5-aa4c-773f89949c75,38,Alta,Kivelle,akivelle9t@linkedin.com,446,,0,0,1530897793
995f6d94-d6ea-4786-f20f-6ae78e5a9309,38,Lanny,Vassay,lvassay9u@upenn.edu,447,,0,0,1530897793
ef56cdb8-d8c5-44bc-c3d0-0bbb03450ae2,38,Cherilyn,Clell,cclell9v@twitter.com,448,,1,1,1530897793
5ab9433a-56b3-44e3-a56a-4c773f89949c,38,Lori,Ridsdale,lridsdale9w@blinklist.com,449,,0,0,1530897793
b1224895-1f66-4a4c-b73f-89949c75cda0,37,Marietta,Matyushenko,mmatyushenko9x@histats.com,450,,1,1,1530897793
dc92ce1c-8f94-4588-9b65-16c33848bb94,37,Eb,Oger,eoger9y@eepurl.com,451,,1,1,1530897793
2dc97934-af75-4cdc-911f-b9011634877e,37,Darrelle,Lucius,dlucius9z@archive.org,452,,1,1,1530897793
a1ce896e-ee62-44c5-be59-a553de1126b1,37,Barnabe,Southcombe,bsouthcombea0@tiny.cc,453,,0,0,1530897793
cd6a84c8-885e-43a5-aa4c-773f89949c75,37,Peter,Kadwallider,pkadwallidera1@ibm.com,454,,0,0,1530897793
9ca2376f-a048-4f86-a9eb-e9243e0e3e17,37,Theo,Vigneron,tvignerona2@discovery.com,455,,0,0,1530897793
4feae4aa-3c61-483d-8f73-3ae3cf895526,37,Maurizia,Robel,mrobela3@networkadvertising.org,456,,1,1,1530897793
9776fd03-f190-4046-ba9a-9e870e64141f,37,Marcile,Asipenko,masipenkoa4@weather.com,457,,1,1,1530897793
0993d0a5-2b32-414b-ab11-ff4963518b67,37,Tabbi,Volant,tvolanta5@webmd.com,458,,0,0,1530897793
facbe6c3-885e-43a5-aa4c-773f89949c75,37,Rhody,Ahmed,rahmeda6@google.cn,459,,1,1,1530897793
9384f9c3-885e-43a5-aa4c-773f89949c75,37,Eddi,Birchenhead,ebirchenheada7@time.com,460,,0,0,1530897793
7be9aaa2-f652-412c-91af-ae156f615ef4,37,Kennie,Raubheim,kraubheima8@feedburner.com,461,,0,0,1530897793
25ab5e64-c37f-4ce3-be43-f0171fa84216,37,Lesly,Berkelay,lberkelaya9@purevolume.com,462,,1,1,1530897793
2654f54b-4a42-44bd-8939-37d65a558b79,37,Dal,Claricoats,dclaricoatsaa@alibaba.com,463,,1,1,1530897793
36487488-c780-4164-8c3e-bfe268bf0ec5,37,Janie,Brewse,jbrewseab@state.gov,464,,0,0,1530897793
d231a38b-78c9-4d37-9ea5-6459565dfc21,37,Harris,Braganca,hbragancaac@ox.ac.uk,465,,1,1,1530897793
bb9d9f8f-f4a3-4fba-a45f-ec28ca44597a,36,Garfield,Baughan,gbaughanad@sakura.ne.jp,466,,1,1,1530897793
a32c780c-4c84-4c73-d02c-1f97d935cfdc,36,Andre,Sutton,asuttonae@disqus.com,467,,0,0,1530897793
dd4b2929-5a2c-4456-b4b7-798af8eac13e,36,Branden,Lowe,bloweaf@samsung.com,468,,0,0,1530897793
e4164d04-f714-41f2-b524-7c85e3f81a5b,36,Bendix,Cron,bcronag@discovery.com,469,,1,1,1530897793
8d848955-885e-43a5-aa4c-773f89949c75,36,Warden,Benoix,wbenoixah@fda.gov,470,,0,0,1530897793
2fb0e6f8-fb71-4fdf-a968-ed761733bbd6,36,Fraze,Fleckney,ffleckneyai@statcounter.com,471,,0,0,1530897793
bf2c6384-0035-483f-91bc-a7dd42d65ec0,36,Wat,Bosnell,wbosnellaj@symantec.com,472,,1,1,1530897793
9c36e141-1f66-4a4c-b73f-89949c75cda0,36,Cassius,Annon,cannonak@vk.com,473,,1,1,1530897793
5114a784-885e-43a5-aa4c-773f89949c75,36,Roarke,Hexam,rhexamal@indiatimes.com,474,,1,1,1530897793
718eb688-8b46-4a25-b729-abea77eeb56d,36,Martie,Harrhy,mharrhyam@google.pl,475,,1,1,1530897793
31f17c69-f384-4369-ef34-a23895a1bc83,36,Scottie,Cornborough,scornboroughan@prweb.com,476,,1,1,1530897793
554c3fcb-2c82-47b8-aa23-33079a08460a,36,Alika,Durnan,adurnanao@goo.ne.jp,477,,1,1,1530897793
757518ed-ee9d-4215-8d97-aa119fde1f03,36,Colas,Lince,clinceap@ycombinator.com,478,,1,1,1530897793
e0bd933a-e6de-4b46-bcd9-a028760be812,35,Ronalda,Cortese,rcorteseaq@mozilla.org,479,,0,0,1530897793
60ff6fe9-0051-4ec2-9fa9-eb51a21c5a27,35,Tuckie,Forri,tforriar@twitter.com,480,,0,0,1530897793
d7b8bd7a-4a95-409a-db3e-fd4803499c29,35,Shay,Durrans,sdurransas@yelp.com,481,,1,1,1530897793
7842e224-f0f6-491a-8bf4-698cb12aa794,35,Baillie,Goncalo,bgoncaloat@mapquest.com,482,,1,1,1530897793
cb086ed7-f60f-45f5-a5a5-41595f083f8c,35,Matthieu,Martinson,mmartinsonau@blogs.com,483,,1,1,1530897793
dfd5a198-fbb1-4661-abc2-8273005eaa76,35,Trueman,Martlew,tmartlewav@tumblr.com,484,,0,0,1530897793
b4816cf1-1f66-4a4c-b73f-89949c75cda0,34,Godfrey,Gatesman,ggatesmanaw@slashdot.org,485,,0,0,1530897793
5d360550-b053-4cb4-b2d4-e310384bec80,34,Kissie,Uccelli,kuccelliax@godaddy.com,486,,1,1,1530897793
96a7335f-1ad0-427e-a400-0238f600fb41,34,Harv,Hemerijk,hhemerijkay@admin.ch,487,,1,1,1530897793
5f591993-69c4-4249-a6dd-0a7e7538dcaf,34,Alexine,Sizzey,asizzeyaz@yandex.ru,488,,0,0,1530897793
bbcabdd4-9678-4b59-b4cb-72bd4383f514,34,Alexia,Wonter,awonterb0@blogspot.com,489,,0,0,1530897793
4af5062f-9f39-4655-a47f-b7ec0b858b4d,34,Glori,Carlisle,gcarlisleb1@tuttocitta.it,490,,1,1,1530897793
296a0a71-0e49-4085-fd39-718bf0485ac6,34,Matthias,Crab,mcrabb2@printfriendly.com,491,,1,1,1530897793
545c6469-2f3d-4b6c-adaa-2257d0502d84,34,Kai,Wooffitt,kwooffittb3@yelp.com,492,,0,0,1530897793
b6723c19-9f4a-4288-bfe6-69e6a024bd14,34,Milka,MacCosty,mmaccostyb4@wufoo.com,493,,1,1,1530897793
bf473294-dbc5-486a-ac4b-b819b7a092c5,34,Eduard,Bisco,ebiscob5@tripod.com,494,,1,1,1530897793
9b6c01d5-33d7-4f63-9b92-a269726c78f9,34,Sonny,Bard,sbardb6@php.net,495,,1,1,1530897793
a99570ee-05a5-46c0-b5b7-01f0fd724519,34,Arleyne,McDade,amcdadeb7@nature.com,496,,1,1,1530897793
9ece7641-4a26-4c33-848b-b94ef1ea8a05,34,Benito,Harwin,bharwinb8@sakura.ne.jp,497,,0,0,1530897793
d1d9a15d-8dfa-4eef-a422-382d31e408d7,34,Ingeborg,Dundon,idundonb9@nature.com,498,,1,1,1530897793
a5eb5004-2b9c-4e1e-950d-9cfcdb36bd1f,34,Mackenzie,Steuart,msteuartba@microsoft.com,499,,1,1,1530897793
0a9cd1f7-885e-43a5-aa4c-773f89949c75,34,Husein,Abriani,habrianibb@zimbio.com,500,,0,0,1530897793
aab7a607-885e-43a5-aa4c-773f89949c75,34,Tammie,Engley,tengleybc@si.edu,501,,0,0,1530897793
b1f49312-c5fc-4a3e-c873-293467e8991c,34,Valera,Viall,vviallbd@addthis.com,502,,1,1,1530897793
88e4302f-e4ab-43ee-8697-d31e7be38bc7,34,Alessandro,Brisson,abrissonbe@squarespace.com,503,,0,0,1530897793
a77d1bf1-57e6-492f-8e91-5d088a39df13,34,Juditha,Cleary,jclearybf@hatena.ne.jp,504,,0,0,1530897793
3363dde2-1307-462a-81fc-b9913d05e5f5,34,Miquela,Grissett,mgrissettbg@fc2.com,505,,1,1,1530897793
f255431a-9f1e-41a3-86bc-07e4de5db1c5,34,Stace,Kubica,skubicabh@about.me,506,,1,1,1530897793
d45bd11b-8994-4e65-9e0e-21d3b83cf54e,33,Aggy,Hunnable,ahunnablebi@mail.ru,507,,0,0,1530897793
4d1903bf-bb0a-48ef-b850-c2585bdc8ba4,33,Cassie,Wimsett,cwimsettbj@networkadvertising.org,508,,0,0,1530897793
d8398600-73fd-4c22-8262-f418d0ce1d97,33,Derek,Plumbe,dplumbebk@cafepress.com,509,,1,1,1530897793
ab94361a-234a-456a-8c77-3f89949c75cd,33,Frieda,Davidof,fdavidofbl@irs.gov,510,,1,1,1530897793
cb6b1b39-b00e-4cfa-bfa9-bdae82bf3a6b,33,Chiarra,Robert,crobertbm@pbs.org,511,,0,0,1530897793
52fc7852-ab89-47f4-f73c-0a74065c1b6f,33,Sofie,Kamienski,skamienskibn@tamu.edu,512,,1,1,1530897793
f447f200-89b7-40e6-c116-5036258e5407,33,Smith,Burhill,sburhillbo@icq.com,513,,1,1,1530897793
1dfef327-68c1-4a0a-9708-4545f4ab18af,32,Elvera,Yule,eyulebp@shutterfly.com,514,,0,0,1530897793
6b34a4b6-3b64-41b9-a699-145cd243ef8f,32,Guendolen,Folland,gfollandbq@hubpages.com,515,,1,1,1530897793
9e429887-0883-4502-d313-7933510c5c71,32,Jayme,Oxenford,joxenfordbr@flavors.me,516,,1,1,1530897793
daeec09b-5bb1-4169-87e2-686799d93700,32,Pail,Winder,pwinderbs@telegraph.co.uk,517,,1,1,1530897793
13e2f085-333c-40f2-8a47-a7d4d3b285e2,32,Quinton,Nekrews,qnekrewsbt@over-blog.com,518,,1,1,1530897793
260bf052-e681-49ef-8af5-1d1a1725a40d,32,Barrett,Gibbons,bgibbonsbu@buzzfeed.com,519,,1,1,1530897793
67bb46c4-ed6f-4c89-b5d6-8f06a6c24817,32,Fredrick,Acum,facumbv@paginegialle.it,520,,0,0,1530897793
f5b3ef51-38f4-46dc-928f-80bbbdafc425,32,Reece,Cornew,rcornewbw@bing.com,521,,1,1,1530897793
fba888f0-90a7-4d36-8a77-380f7d0186df,32,Netty,Duxfield,nduxfieldbx@hp.com,522,,0,0,1530897793
dfaea12e-c174-4b1b-fef4-ea5c34e33fbc,32,Isacco,Repp,ireppby@multiply.com,523,,1,1,1530897793
63e49d4c-30b8-4a8c-96dd-27f56b6d2710,32,Nye,Holborn,nholbornbz@umn.edu,524,,1,1,1530897793
00d8af82-e4c1-4f39-9d3e-c88205496893,32,Salomi,Jacop,sjacopc0@jigsy.com,525,,1,1,1530897793
da621734-94c0-4c37-bacf-f0921e44d9a9,31,Allister,Zima,azimac1@kickstarter.com,526,,0,0,1530897793
98c2d640-e3ff-4f03-b513-349a6b1d9448,31,Jessalin,Ebsworth,jebsworthc2@addthis.com,527,,0,0,1530897793
08a4fd29-123e-47bd-8aa7-69fafa536e61,31,Dasi,Oseland,doselandc3@google.cn,528,,1,1,1530897793
c1b35529-def4-40c1-9369-025b4c759eed,31,Reidar,Holyard,rholyardc4@pinterest.com,529,,0,0,1530897793
3c8e956e-771b-471b-8e56-90a296eecb50,31,Oliviero,Weedenburg,oweedenburgc5@reddit.com,530,,1,1,1530897793
6b5cf179-f9d8-4e53-93c6-1ee91bd11e65,31,Broddy,Breston,bbrestonc6@comsenz.com,531,,1,1,1530897793
c2152fee-c91b-4996-8c32-f80eab319ef0,30,Gradey,Chillcot,gchillcotc7@multiply.com,532,,1,1,1530897793
de4093e5-487e-473d-a8da-5fdd93ff3ec2,30,Julissa,Mavin,jmavinc8@tuttocitta.it,533,,1,1,1530897793
7ddd82f3-30c2-4f4b-c8b2-c1c2c8cbd0d1,30,Bran,Sayles,bsaylesc9@ocn.ne.jp,534,,0,0,1530897793
9c6d1df5-788d-40ef-8683-f301d5ae04d6,30,Elladine,Maud,emaudca@twitter.com,535,,1,1,1530897793
b1e55ea6-0ba2-4522-fdaa-b43fe8e6c3cc,30,Lonnie,Pettegree,lpettegreecb@mediafire.com,536,,1,1,1530897793
e1142048-0009-4e67-bd3e-c7728be814e9,29,Keely,Waitland,kwaitlandcc@qq.com,537,,1,1,1530897793
d953e4a7-1817-4a4d-8ef6-5e0f926603a0,29,Valentino,MacShirie,vmacshiriecd@unicef.org,538,,1,1,1530897793
05a20230-0ab6-4e0b-b6b6-ded01adb6e74,29,Shelagh,Fryers,sfryersce@360.cn,539,,0,0,1530897793
5cd236b0-0422-4e9d-b1c9-57c2815b9163,29,Ly,Verson,lversoncf@youku.com,540,,0,0,1530897793
df4fb0ca-dc60-4a72-bff9-508578583957,29,Valentin,Larking,vlarkingcg@ask.com,541,,0,0,1530897793
69a32e0e-ff03-4373-83ad-628ce8fa9436,29,Janifer,Levings,jlevingsch@aboutads.info,542,,1,1,1530897793
a41769b4-fb58-4d60-8f6e-7788f53bfe10,29,Christan,Santino,csantinoci@bluehost.com,543,,0,0,1530897793
bba5cd3e-8659-4856-b50a-351676b7fad4,28,Faunie,Howsan,fhowsancj@un.org,544,,1,1,1530897793
5f3501e1-db91-49fa-a116-690de59b85d6,28,Harbert,Duggary,hduggaryck@ucla.edu,545,,1,1,1530897793
2964274a-a2b9-4946-b0a8-d34e5573e3be,28,Candy,Chisnall,cchisnallcl@odnoklassniki.ru,546,,0,0,1530897793
45738aa4-798f-44dd-f768-95bca6d4e389,28,Virginia,Crossman,vcrossmancm@independent.co.uk,547,,0,0,1530897793
f19a82b6-86ca-4689-d519-7460fa3fb6f0,28,Denney,Leopard,dleopardcn@mozilla.org,548,,1,1,1530897793
30c0f378-526f-410c-b7b7-cbabcce29b52,28,Thomasina,Okill,tokillco@woothemes.com,549,,1,1,1530897793
1abdacf1-28f5-40ad-928b-7870acf3c1bf,28,Jozef,Lyst,jlystcp@telegraph.co.uk,550,,1,1,1530897793
d92b5b17-dd2a-4c2e-9f1d-839956db60c9,27,Lenore,Delacoste,ldelacostecq@google.com.br,551,,1,1,1530897793
6d3a6e6d-231a-4a63-d3ae-a32730603f48,27,Bradford,Le Lievre,blelievrecr@wordpress.org,552,,0,0,1530897793
1ff56d2c-ebc3-41b0-aa97-719e3b7a8248,27,Theobald,Loade,tloadecs@so-net.ne.jp,553,,1,1,1530897793
e6da986b-9e82-4f7b-9b1c-d01665a6dbda,27,Sioux,Dottridge,sdottridgect@uol.com.br,554,,0,0,1530897793
d5c7f919-b1f6-498c-844a-e6e39562e71d,27,Lotti,Volk,lvolkcu@weibo.com,555,,0,0,1530897793
be5f70a8-7656-41fb-990b-9d784d9366a0,27,Sibella,Carbin,scarbincv@google.it,556,,0,0,1530897793
63657121-4e60-45f6-b36e-77fffec78ccb,27,Torey,Rosengart,trosengartcw@flavors.me,557,,0,0,1530897793
9fc70e54-abfb-4d97-9f8b-5e0a7281fd0d,27,Neddy,Blacklidge,nblacklidgecx@yale.edu,558,,0,0,1530897793
228d5850-a3f4-40d7-a22b-38be22519e24,27,Sax,Barnett,sbarnettcy@a8.net,559,,0,0,1530897793
e0fe3e88-1a2b-4446-8d6d-06744b2d8e2f,27,Berri,Huke,bhukecz@reverbnation.com,560,,0,0,1530897793
8f65599b-8c7b-4459-95ea-712eb615aac5,27,Carolyne,Cristofori,ccristoforid0@youku.com,561,,1,1,1530897793
d2335cc2-b1bb-40ab-8bc1-d331b2af5960,27,Charlotta,Caron,ccarond1@cornell.edu,562,,0,0,1530897793
23d0d36e-89e7-4378-ee03-45a9e136ced4,27,Delano,Cruce,dcruced2@4shared.com,563,,0,0,1530897793
ee8607cf-8d84-46a0-8b9f-e3f6955cf67b,27,Lissa,Taber,ltaberd3@usgs.gov,564,,1,1,1530897793
7041e6f5-914c-4477-bd84-7e238bbdeb21,26,Donna,Menham,dmenhamd4@constantcontact.com,565,,0,0,1530897793
bd8e20ef-197c-40db-952c-ab9df998e45e,26,Nicolas,Rennebach,nrennebachd5@ted.com,566,,0,0,1530897793
785c2b8f-2512-4095-b593-e692cf1da218,26,Lesly,Licciardiello,llicciardiellod6@jimdo.com,567,,1,1,1530897793
eee6191b-6f1c-4fd2-ad09-215e8ad968d5,26,Tonia,Skingle,tskingled7@elegantthemes.com,568,,1,1,1530897793
8527dc17-03e6-4c51-a73b-df99632c6d5e,26,Gualterio,McCulloch,gmccullochd8@scientificamerican.com,569,,0,0,1530897793
b750b2fd-ccbd-4b4a-b28d-adaf339eace6,26,Emmalee,Boseley,eboseleyd9@omniture.com,570,,1,1,1530897793
9d3f477d-b8ef-4ce2-ea2c-f3466fb3392b,26,Kendre,Hawtrey,khawtreyda@facebook.com,571,,1,1,1530897793
cc282dc3-bce8-49f7-83e1-48f261b406fa,26,Jeno,Sargison,jsargisondb@usgs.gov,572,,0,0,1530897793
0818c3a0-b192-4100-87a6-8e358c1cf63e,26,Sascha,Cayser,scayserdc@psu.edu,573,,1,1,1530897793
2378fab4-1b9b-41f6-b4bc-50c003eb3c7a,26,Clio,Aspinal,caspinaldd@sphinn.com,574,,0,0,1530897793
fdeac5d1-6fbf-4749-85fb-2554dc6c0499,26,Carce,Yewdale,cyewdalede@macromedia.com,575,,0,0,1530897793
9d3769ac-ccd7-4a5b-945a-dcde448b382e,26,Angelico,Cambling,acamblingdf@yandex.ru,576,,1,1,1530897793
865fe3e5-10dc-4248-9c67-beaf191d133f,25,Livvy,Chadburn,lchadburndg@gravatar.com,577,,0,0,1530897793
89c65e2c-7298-4ea2-c0cf-56f004723b01,25,Briana,Cowoppe,bcowoppedh@discovery.com,578,,1,1,1530897793
b072fc99-4af7-414d-906e-ac1efcac9453,25,Portie,Harrow,pharrowdi@canalblog.com,579,,1,1,1530897793
c7cd1583-f92f-4937-8a5e-ac1743076674,25,Saidee,Barrack,sbarrackdj@wix.com,580,,0,0,1530897793
e9c45f6a-9bfb-4d6f-ad2c-310a772373cf,25,Eddy,Petz,epetzdk@google.de,581,,1,1,1530897793
f67093a6-9ace-4403-fa02-c32c9a8e9a81,25,Helaine,Bru,hbrudl@mtv.com,582,,0,0,1530897793
7aba087f-a4b2-4a99-bd00-c3e4866d5b1e,25,Ben,Blazynski,bblazynskidm@jigsy.com,583,,1,1,1530897793
0873707d-ac42-41b1-9004-ddad25bc1cba,25,Henderson,Sunnucks,hsunnucksdn@merriam-webster.com,584,,1,1,1530897793
0b427e2f-6e0d-4747-bafc-d3242ce7fb2d,25,Bealle,Flaubert,bflaubertdo@etsy.com,585,,1,1,1530897793
b95310f5-10d2-4b4f-a3df-6922e6ef78d1,25,Dorine,Heaviside,dheavisidedp@pagesperso-orange.fr,586,,1,1,1530897793
fe2f2fe7-fe57-4b2b-8282-970b11ea748a,25,Xavier,Arnli,xarnlidq@purevolume.com,587,,0,0,1530897793
3039e5d5-0441-45b0-9a6f-effb64321f6e,25,Sigismundo,Towler,stowlerdr@studiopress.com,588,,1,1,1530897793
57c15e6b-ea28-4736-9397-ec9c9a15e7dd,25,Basil,Raigatt,braigattds@wsj.com,589,,0,0,1530897793
fc7fa69d-3107-4d23-8366-315066a6a4af,25,Cyndia,Frossell,cfrosselldt@yolasite.com,590,,0,0,1530897793
e08b6b03-5ab4-4197-edcc-2bbff24592e9,25,Fonzie,Stemp,fstempdu@nymag.com,591,,0,0,1530897793
6619793c-b578-4b4e-a729-71d774a9f4fa,24,Greta,Tolcharde,gtolchardedv@chron.com,592,,0,0,1530897793
9fbfa0a1-9871-46d4-badf-0fd4c7e01e43,24,Kellia,Lewsey,klewseydw@adobe.com,593,,1,1,1530897793
78f20f55-559d-483b-a7f5-5191c0c2ff96,24,Danielle,Rintoul,drintouldx@noaa.gov,594,,0,0,1530897793
8bf1799f-c827-4bbd-92e4-52e77ea1398e,24,Carmelia,Osment,cosmentdy@mapy.cz,595,,1,1,1530897793
9ffad840-9998-4bbb-9bea-e7b4fb94057a,24,Matt,Loachhead,mloachheaddz@github.com,596,,1,1,1530897793
56f19882-2b4f-4090-807b-22fbdb92e6db,24,Ephrem,Werndly,ewerndlye0@samsung.com,597,,0,0,1530897793
12201609-b274-4fb3-a2ef-7d25265a0c9b,24,Karine,Baudic,kbaudice1@friendfeed.com,598,,0,0,1530897793
41452abb-866c-4bf2-8b73-8971311b5e5d,24,Tommi,Godart,tgodarte2@wikia.com,599,,1,1,1530897793
f0121c03-d1a7-424e-949e-64252825fbcc,24,Lillian,Olcot,lolcote3@cam.ac.uk,600,,0,0,1530897793
7edb6c49-4a25-4839-b286-3231ecfb29fb,24,Quincey,Abramovici,qabramovicie4@1688.com,601,,0,0,1530897793
3a7b15b9-dbb9-4e81-8a56-162d895fc116,24,Aveline,Malecky,amaleckye5@merriam-webster.com,602,,0,0,1530897793
cae0c86e-b706-432e-8435-30ae98cb7b31,24,Nicky,Calderon,ncalderone6@google.com.br,603,,0,0,1530897793
088f6a6b-f8b9-4b3b-8167-5710d66a1171,23,Stoddard,Denyukhin,sdenyukhine7@pbs.org,604,,0,0,1530897793
a7888e91-e5aa-442f-8d6a-67d59b9dbaa7,23,Dorothea,Headey,dheadeye8@pcworld.com,605,,1,1,1530897793
aa788f31-a817-4e4a-887e-4b4e89f86841,23,Cobby,Readitt,creaditte9@e-recht24.de,606,,1,1,1530897793
344d3f45-6efb-48d3-aaa6-c67e261cf85e,23,Ladonna,Bembrick,lbembrickea@mit.edu,607,,1,1,1530897793
9f4bc32d-61e4-4965-93e9-30340597cbfd,23,Aldrich,Aglione,aaglioneeb@amazon.de,608,,0,0,1530897793
5973f081-159f-49cf-9364-e079a73eed41,23,Murdoch,Lebbern,mlebbernec@epa.gov,609,,1,1,1530897793
eefe14c0-3368-4d1b-a410-ab5c349aeb4b,23,Virginie,Howells,vhowellsed@weather.com,610,,0,0,1530897793
8edfa32f-b3e4-43a2-b174-0a9452eb59d0,23,Colby,Older,colderee@google.nl,611,,0,0,1530897793
223e7e54-53ce-48a9-917c-ff00fe1de56c,23,Shamus,Longhorn,slonghornef@omniture.com,612,,1,1,1530897793
8968d6a9-b463-4da2-aa0e-e673fcbf3cef,23,Fanchette,Newport,fnewporteg@wikia.com,613,,0,0,1530897793
072e247a-d598-4165-bfc4-36ea82cb8f9f,23,Denise,Nowill,dnowilleh@usatoday.com,614,,1,1,1530897793
1d739a52-7d8a-4658-b32e-dd9f3b770365,23,Elfie,Whaymand,ewhaymandei@aboutads.info,615,,0,0,1530897793
d501678b-f72a-4a24-9d93-7f0c5fc40f26,23,Maryjo,Goldsbury,mgoldsburyej@soundcloud.com,616,,1,1,1530897793
489b9dd6-d858-45f3-df92-d361f085d8f9,22,Bertram,Klicher,bklicherek@tumblr.com,617,,0,0,1530897793
6bc15817-684d-4a69-943c-4a3fa641a5b1,22,Gallard,Seifenmacher,gseifenmacherel@cnet.com,618,,0,0,1530897793
d0a30671-d8ea-4bad-8ce2-40ddd2233a66,22,Des,Goose,dgooseem@google.es,619,,0,0,1530897793
7792a507-79c9-4d8d-f808-c3b07ac2d37f,22,Nate,Swinnard,nswinnarden@redcross.org,620,,0,0,1530897793
82a2cb48-6f35-4891-e54f-aa197f9bf347,22,Nobe,Mines,nmineseo@angelfire.com,621,,0,0,1530897793
f620dde7-d4e4-4a9b-d528-dae0ce4e29ac,22,Paulina,Annear,pannearep@wordpress.org,622,,1,1,1530897793
8673f70b-1ca8-46cf-9601-895a20761a32,22,Veronica,Grivori,vgrivorieq@wired.com,623,,1,1,1530897793
f75b84de-8efa-4148-8a78-0ad3dbe9d3d7,22,Gusti,Cometto,gcomettoer@typepad.com,624,,1,1,1530897793
e0bfe030-08df-49d6-da01-6accb9eb9a9b,22,Susette,De Wolfe,sdewolfees@shop-pro.jp,625,,1,1,1530897793
8cf6036a-fac6-4c2e-9108-e66a058b38ec,22,Inger,Yantsev,iyantsevet@uiuc.edu,626,,0,0,1530897793
015a0cfe-97bf-4ea7-8cd9-8d05a8983978,22,Alvie,Labat,alabateu@ifeng.com,627,,1,1,1530897793
011a875c-d7f5-4fb5-a0bf-1bb000a4d514,22,Izaak,Duesberry,iduesberryev@jimdo.com,628,,0,0,1530897793
0376ad14-6a84-446f-b5e6-3287fc770bdf,22,Coleman,Capaldo,ccapaldoew@macromedia.com,629,,1,1,1530897793
7a07611a-ba05-4b2c-b063-0d24e4103dc3,22,Kellby,Meys,kmeysex@tinypic.com,630,,0,0,1530897793
5e689b0c-4993-41a9-a6bb-f2cfb6ba94f2,22,Arnie,Drummond,adrummondey@cyberchimps.com,631,,1,1,1530897793
a538c692-cae8-4803-e716-c18bcf9a91db,22,Brooke,Wife,bwifeez@deliciousdays.com,632,,0,0,1530897793
1f833ec4-4647-4f2a-a64c-8442db91cbe5,22,Osborne,Summerill,osummerillf0@nationalgeographic.com,633,,0,0,1530897793
8f37d3b9-e7e5-4cb4-b7ab-e7e4aa15d095,21,Aurthur,Pleming,aplemingf1@dmoz.org,634,,0,0,1530897793
683656d9-2767-4420-99a6-7eefc50cdc72,21,Alric,Mewes,amewesf2@tripadvisor.com,635,,0,0,1530897793
6834e7ea-2158-40b6-a740-45f954a99415,21,Wye,Durrand,wdurrandf3@parallels.com,636,,1,1,1530897793
85837efc-02ec-434f-a0a8-9140c0bf5b01,21,Marlene,Dafydd,mdafyddf4@addtoany.com,637,,0,0,1530897793
1c891b6e-71f4-43a5-b937-cd12ddc0c97b,21,Dion,Knappett,dknappettf5@symantec.com,638,,0,0,1530897793
bc67cdb7-24c3-4b05-b418-d87196214f3f,21,Ulrikaumeko,Galtone,ugaltonef6@businessinsider.com,639,,1,1,1530897793
09a533d2-cf8f-474b-a22b-1f8b4cb42c98,21,Barbara-anne,Starking,bstarkingf7@tinyurl.com,640,,0,0,1530897793
5b45b8a8-48d8-4c8e-85a0-3df066931af5,21,Stanislas,Budge,sbudgef8@nyu.edu,641,,1,1,1530897793
b97194f2-5863-4eee-a713-67546ec0f81f,21,Keely,Exeter,kexeterf9@archive.org,642,,1,1,1530897793
97a39dfc-e52e-4b6c-815f-e89ded7431d5,21,Norbie,Wheeler,nwheelerfa@wikia.com,643,,0,0,1530897793
d86e8f21-1ff2-43bd-bbb0-c39cd167a972,21,Yolande,Cattermoul,ycattermoulfb@myspace.com,644,,0,0,1530897793
7316fc72-d336-4ebf-87fa-a6b25e127709,21,Melissa,Albone,malbonefc@sun.com,645,,0,0,1530897793
a15d34ac-fdce-4e0f-8cf0-4057aaada321,21,Valentine,Bennington,vbenningtonfd@prlog.org,646,,1,1,1530897793
da9b4897-c2ac-4f7d-839a-6fb8fc2effa0,21,Lolita,Urien,lurienfe@mit.edu,647,,0,0,1530897793
5e533952-23ce-4df6-85c6-45badcc8a6ef,21,Hildegarde,Kwietek,hkwietekff@ihg.com,648,,0,0,1530897793
d623673f-0880-4ca8-a11f-5fd6c851f78e,21,Britte,Tolomelli,btolomellifg@mac.com,649,,0,0,1530897793
3c19e4dc-ccf6-4a4f-9ba2-6019433cafad,21,Maynord,McGray,mmcgrayfh@microsoft.com,650,,0,0,1530897793
5c7368db-c623-4af0-97db-c06953d85855,21,Estele,Van der Beken,evanderbekenfi@csmonitor.com,651,,1,1,1530897793
95113b7f-a193-45cc-9ab6-85506a0ea4af,21,Stevena,Devall,sdevallfj@answers.com,652,,0,0,1530897793
28cfdc9f-7e1e-4e56-8a9c-43067d8d55b0,21,Stacy,Franceschino,sfranceschinofk@artisteer.com,653,,1,1,1530897793
45d78f1b-e787-4c95-c2b5-3ed36a5a30b7,21,Mia,Thomason,mthomasonfl@springer.com,654,,1,1,1530897793
2ed7aa94-b3ab-499b-a98d-2168d2765ac0,21,Randene,Pencott,rpencottfm@a8.net,655,,0,0,1530897793
f236f68b-bfca-4703-bff2-f6a2d579a47b,20,Lonna,Constanza,lconstanzafn@macromedia.com,656,,0,0,1530897793
7a458d75-1757-4bf8-a198-cb6c43a064b2,20,Witty,Sangster,wsangsterfo@webmd.com,657,,1,1,1530897793
1b28c3e5-3369-4db8-a774-506d97058f2e,20,Beatriz,Dowrey,bdowreyfp@bigcartel.com,658,,0,0,1530897793
d0bcfc4c-a35f-4b26-9b0a-ebe4f88765fe,20,Aluin,Ambrogiotti,aambrogiottifq@irs.gov,659,,0,0,1530897793
c37d5645-076e-448e-839b-cfe7eccf90f5,20,Sabina,Parren,sparrenfr@accuweather.com,660,,0,0,1530897793
0aecd796-daf4-4aa3-a02c-e5d8970f7069,20,Perry,Oulner,poulnerfs@youtu.be,661,,1,1,1530897793
6a6d5447-4610-4910-9f00-c2e955a967c3,20,Barbaraanne,Granham,bgranhamft@photobucket.com,662,,1,1,1530897793
7c0359b1-17a5-4af0-847e-de1dc34f0e5b,20,Felice,Cultcheth,fcultchethfu@springer.com,663,,1,1,1530897793
544be530-f692-4859-b14d-d6e9e6fe1e78,20,Jermain,Sallenger,jsallengerfv@army.mil,664,,0,0,1530897793
65648343-b1f3-4b7e-95e0-ef84bffc1dbc,20,Barney,Puffett,bpuffettfw@scribd.com,665,,1,1,1530897793
95972c59-3da3-49f4-e52e-afec66f0323f,20,Rory,Morritt,rmorrittfx@walmart.com,666,,1,1,1530897793
f2c349bc-0ba6-40ef-f874-4aeba11ef94d,20,Brendan,Sulland,bsullandfy@timesonline.co.uk,667,,1,1,1530897793
00f77805-dbac-400b-9d75-a0f4e2151c8a,20,Lorraine,Grafom,lgrafomfz@ning.com,668,,0,0,1530897793
d802f718-f2d6-4ae1-a02b-0aa547a038be,20,Conchita,Descroix,cdescroixg0@simplemachines.org,669,,0,0,1530897793
da35003d-ad93-4369-db8c-35df4f8078bb,20,Laverna,Urch,lurchg1@multiply.com,670,,0,0,1530897793
835f9871-d88a-4730-954c-36f7444d670a,20,Fanni,Tommis,ftommisg2@barnesandnoble.com,671,,0,0,1530897793
4747df68-8264-4f40-ab56-b281f9881f9e,20,Mindy,Choffin,mchoffing3@ycombinator.com,672,,1,1,1530897793
839fe1f4-0048-4eec-8a6a-9809b0167156,20,Gussy,Pigot,gpigotg4@mit.edu,673,,0,0,1530897793
ce2f0c0a-74f7-485e-ac0e-61451955def2,20,Huntington,Floweth,hflowethg5@behance.net,674,,1,1,1530897793
1c3cd9cd-fd12-4be2-f339-da46c5d46336,20,Cathrin,Kubalek,ckubalekg6@instagram.com,675,,1,1,1530897793
16d6bf28-55a3-42c1-8fe9-ef0796776afb,20,Ivar,Turneaux,iturneauxg7@apache.org,676,,1,1,1530897793
2f108620-30df-4609-b9a6-287671af1230,20,Sherm,Bedwell,sbedwellg8@state.tx.us,677,,1,1,1530897793
6ec87668-8d11-4899-8d57-a1c91192fc5c,20,Hobey,Grayson,hgraysong9@google.nl,678,,1,1,1530897793
6803aa30-77ec-415a-e031-70553c8294d2,19,Herold,Sprade,hspradega@etsy.com,679,,0,0,1530897793
7eae62c0-6e93-4c5c-aedd-d498e1d743cc,19,Kelley,Fancutt,kfancuttgb@pcworld.com,680,,1,1,1530897793
1a77dd5a-9a49-4d61-8739-3dadb3979562,19,Clerkclaude,Dyet,cdyetgc@independent.co.uk,681,,1,1,1530897793
1b59dd30-1e79-4e6a-b2e9-258e85f07d0f,19,Kelbee,Robuchon,krobuchongd@sohu.com,682,,0,0,1530897793
0be4caf2-4908-4bc0-8159-5c1ac4d6507a,13,Alfred,Garret,agarretqi@sina.com.cn,683,,1,1,1530897793
cf0789f1-0d13-4e9b-a96a-a190a4c9b25a,13,Tull,Abatelli,tabatelliqj@si.edu,684,,1,1,1530897793
9173c275-22f3-4b31-8989-398824ff2797,13,Irina,O'Breen,iobreenqk@mtv.com,685,,1,1,1530897793
c35b4b83-9b6f-4e1c-b7a5-12cf0e9a9c01,13,Danya,Towne,dtowneql@yahoo.co.jp,686,,0,0,1530897793
a9b7c9a2-92e4-4d40-8b81-e680b8cceb42,13,Kendall,Twelvetrees,ktwelvetreesqm@cbsnews.com,687,,1,1,1530897793
25c6fc42-d90b-472b-8969-d2ea9a8c4a8c,13,Thorstein,MacPhee,tmacpheeqn@zimbio.com,688,,1,1,1530897793
3b3df5ac-18c1-44e4-8873-9859c32b4619,13,Cilka,Haresign,charesignqo@earthlink.net,689,,1,1,1530897793
a3573b0a-6f18-485b-aa9e-91ef80169a79,13,Luther,Ziebart,lziebartqp@acquirethisname.com,690,,1,1,1530897793
007f164b-f81e-4cc8-8c24-f123e6770e67,13,Witty,Lavender,wlavenderqq@theglobeandmail.com,691,,0,0,1530897793
a2750aa3-97af-4d24-a12d-9399104c5086,13,Suzanne,Titford,stitfordqr@tinyurl.com,692,,1,1,1530897793
f485098b-1670-4bd9-b006-635d1f307b1a,13,Marysa,Braddon,mbraddonqs@umn.edu,693,,0,0,1530897793
c163fe24-ea34-4ae1-b218-6021975821a7,13,Latrina,Hutchinges,lhutchingesqt@barnesandnoble.com,694,,1,1,1530897793
dafe48bd-233b-49aa-bac3-1683de87fb27,12,Fredrika,Hiscocks,fhiscocksqu@answers.com,695,,0,0,1530897793
dcfd34d3-8b4c-4bdb-a90b-b3cde99e775f,12,Dulcia,Overbury,doverburyqv@cbslocal.com,696,,0,0,1530897793
787d1bed-4284-4dd3-a40a-0811008066e5,12,Magda,Savell,msavellqw@auda.org.au,697,,0,0,1530897793
181a364c-09d3-4236-ce1e-b9e200990e34,12,Jessie,Grasner,jgrasnerqx@baidu.com,698,,1,1,1530897793
23e5c562-75e9-455c-867c-54e358870d75,12,Bianca,Cellier,bcellierqy@amazon.co.jp,699,,1,1,1530897793
4f41da24-46b2-4f9f-efd8-53a90642516c,12,Mahalia,Vowells,mvowellsqz@ameblo.jp,700,,1,1,1530897793
7182831e-accd-430a-8a45-444195630a69,12,Rosanna,Gaskal,rgaskalr0@ustream.tv,701,,1,1,1530897793
4a3cd6fe-f569-4534-9783-4baf0ff8ed70,12,Hanna,Shirtliff,hshirtliffr1@indiatimes.com,702,,0,0,1530897793
0547277a-c97f-4249-a86a-c0cbdd32278a,12,Sybille,Sabbatier,ssabbatierr2@acquirethisname.com,703,,1,1,1530897793
5c3db278-5a93-4bf0-91f8-e45035868d55,12,Dee dee,Dawkins,ddawkinsr3@canalblog.com,704,,1,1,1530897793
a788231c-c6eb-4b97-baf5-40fad2c93acc,12,Sisile,Gillease,sgilleaser4@cbc.ca,705,,0,0,1530897793
ea1f3cf2-9cd2-4032-967a-5f00af8565a1,12,Duane,Aston,dastonr5@europa.eu,706,,0,0,1530897793
07c8e51c-f48b-4bf0-c5ca-2e28ed59a5f2,12,Devon,De Giorgi,ddegiorgir6@cbc.ca,707,,0,0,1530897793
513ff63b-8966-40aa-97b4-a821992b18a3,12,Madelena,Iannitti,miannittir7@twitpic.com,708,,0,0,1530897793
04040b6d-8d9e-4998-a792-01d4700fc645,12,Calv,Harler,charlerr8@live.com,709,,0,0,1530897793
24e183ff-4f76-40f2-c949-f98caa22e909,12,Gerald,Sibbet,gsibbetr9@bloglines.com,710,,0,0,1530897793
4e01d97d-ac28-4f39-b597-41c9f1a15c68,12,Lisha,Piel,lpielra@trellian.com,711,,0,0,1530897793
ab310c72-4581-4e70-bb25-69bd83f0d691,12,Vitoria,O'Sesnane,vosesnanerb@cocolog-nifty.com,712,,1,1,1530897793
d7549216-0fb2-4a46-a2f1-2d99b873d2da,12,Louis,Quinney,lquinneyrc@wordpress.org,713,,1,1,1530897793
2b49cbca-70bc-4e2e-c195-a85d0123fcbb,12,Laurene,Dutteridge,ldutteridgerd@eepurl.com,714,,0,0,1530897793
c7da7c7f-b5c5-414d-e1a1-06634647a9f7,12,Lorena,Lazar,llazarre@arstechnica.com,715,,1,1,1530897793
2d412faf-fba4-41b9-91ca-07f70c15fe1d,12,Yorgos,Stodit,ystoditrf@amazon.com,716,,1,1,1530897793
98d21f58-4905-4b57-b649-af2f19879ee0,12,Cosimo,De Beauchemp,cdebeauchemprg@about.com,717,,1,1,1530897793
b94bee6e-0faa-4ccf-8736-2e8966c46a3b,12,Quent,Ibbitt,qibbittrh@dmoz.org,718,,0,0,1530897793
5afc63fb-cf06-45da-8e6c-ac1b6749c125,12,Peta,Jachtym,pjachtymri@ft.com,719,,0,0,1530897793
a434f7d6-3bb4-4e3f-9539-e874ab007d9f,12,Codi,Barnhart,cbarnhartrj@4shared.com,720,,0,0,1530897793
72505651-d726-425e-a5f8-c7e9e42497a6,12,Bren,Ellyatt,bellyattrk@nbcnews.com,721,,0,0,1530897793
cc871c14-6464-408f-a8af-3d3f7457bfd7,12,Ferdinanda,Goodswen,fgoodswenrl@berkeley.edu,722,,1,1,1530897793
6d6a2dd5-70ca-4506-9b87-bb55b15ce7f5,12,Estrella,Suscens,esuscensrm@goodreads.com,723,,1,1,1530897793
929e7c79-89af-4c35-acd8-d132087729fd,12,Tonya,Kilmartin,tkilmartinrn@cam.ac.uk,724,,1,1,1530897793
5676e468-fdf3-42d8-b097-8b101bdf2a31,12,Mariska,Blakes,mblakesro@apple.com,725,,1,1,1530897793
2c4a8ca1-3637-4729-9603-c803e19487ab,12,Elset,Baignard,ebaignardrp@typepad.com,726,,1,1,1530897793
27532e5d-15a2-4840-b422-30304e0cf829,12,Burlie,Pelchat,bpelchatrq@java.com,727,,1,1,1530897793
c806d964-e516-4358-8919-76a82a0268a7,12,Engelbert,Swyndley,eswyndleyrr@amazon.de,728,,1,1,1530897793
085e1f18-d9f3-406c-9767-28f9cf9fb013,18,Mycah,O'Dulchonta,modulchontahn@nih.gov,729,,0,0,1530897793
d6936a22-fb45-41f8-b24f-ea8afe2e7151,18,Jud,Howlin,jhowlinho@biglobe.ne.jp,730,,0,0,1530897793
249963d2-60f9-4733-ff19-7293d9f6b3b2,18,Carmen,Gildroy,cgildroyhp@1688.com,731,,1,1,1530897793
7c3f371e-0eac-4a4d-b4a2-1a70e4c660a8,18,Bradford,Machan,bmachanhq@dropbox.com,732,,1,1,1530897793
1ab254de-aae6-4feb-ae05-82e511d8457b,18,Rip,Fradgley,rfradgleyhr@mapy.cz,733,,1,1,1530897793
90b94271-123c-491e-9fc1-ccbdad3028bc,18,Jeanne,Lawrence,jlawrencehs@uiuc.edu,734,,1,1,1530897793
74e8db3a-ee2c-4655-b140-f75839d44193,18,Meridel,Phin,mphinht@scribd.com,735,,1,1,1530897793
e9eb0390-f36f-439b-bf66-5c018cb691a9,18,Birk,Kelberer,bkelbererhu@moonfruit.com,736,,1,1,1530897793
4ca15864-917c-42a3-eebd-33c052d02b93,18,Brena,Darkins,bdarkinshv@aol.com,737,,0,0,1530897793
9809a52b-319d-4fcb-bb71-e4bdaa3b4ef8,18,Mateo,Moden,mmodenhw@mac.com,738,,1,1,1530897793
bb7bb26a-6273-4933-8fc3-286c466cb3ea,18,Pearle,Obington,pobingtonhx@reference.com,739,,0,0,1530897793
bd56b3b5-9fcf-486c-9c43-bd65964819d7,18,Avie,Yockley,ayockleyhy@cdbaby.com,740,,1,1,1530897793
f69ab610-508d-478f-9c40-cc23c0122f7f,18,Archibald,Such,asuchhz@huffingtonpost.com,741,,1,1,1530897793
3a48037e-fdb8-43ef-946a-6d75851eb595,18,Torrin,Trendle,ttrendlei0@who.int,742,,0,0,1530897793
7a563e54-d49c-4584-a988-18e9f5651b2e,18,Darcie,Swin,dswini1@pagesperso-orange.fr,743,,1,1,1530897793
5ae222c0-49db-4142-916a-a5d0a24bf27c,18,Dynah,Geggie,dgeggiei2@unicef.org,744,,0,0,1530897793
26c4c556-e99b-44f6-9009-9498d98fac8e,18,Kristan,Pankettman,kpankettmani3@gmpg.org,745,,0,0,1530897793
99af0a4f-5b74-4069-bddb-b23a13c6045e,18,Gallard,Benduhn,gbenduhni4@cpanel.net,746,,1,1,1530897793
45a56e11-53b4-4356-8015-14fe86444686,18,Karine,Kiss,kkissi5@buzzfeed.com,747,,0,0,1530897793
9873e706-a8b4-4b5d-aa9e-e77123fbf072,18,Ingram,Jouannot,ijouannoti6@biblegateway.com,748,,0,0,1530897793
64e31299-6898-435a-8c56-38aa731dcd1c,18,Elvin,Di Meo,edimeoi7@chronoengine.com,749,,0,0,1530897793
86485622-c793-43fc-b311-b75e6b8678a9,18,Leonhard,Tonks,ltonksi8@mail.ru,750,,0,0,1530897793
6e5d1c36-50f6-4ab7-8a8c-17a1a91b62f8,18,Shane,Orbine,sorbinei9@yelp.com,751,,0,0,1530897793
963d3e39-fe32-4a02-bfec-a9104342b7ba,18,Maighdiln,Tomaino,mtomainoia@discovery.com,752,,0,0,1530897793
a77a6455-ed6f-47aa-916b-98ab8da8b73e,18,Chip,Tyrrell,ctyrrellib@tripadvisor.com,753,,1,1,1530897793
de86ceb9-f9cd-4b19-98dc-1862c1c33fca,18,Bethany,Dowears,bdowearsic@telegraph.co.uk,754,,0,0,1530897793
093d1b00-64f8-48a7-a5b5-0b322209f54a,18,Clemente,Hartfleet,chartfleetid@virginia.edu,755,,0,0,1530897793
d9c38629-53fa-4eed-af6a-9a9e957bec5b,18,Binky,Fern,bfernie@youtube.com,756,,0,0,1530897793
1155fe7d-034a-4166-bdce-787aa0283b3a,18,Diego,Sansom,dsansomif@bloglovin.com,757,,1,1,1530897793
8fe8927c-ca5d-499f-a695-6aa2c36670f5,18,Hilde,Onthank,honthankig@g.co,758,,0,0,1530897793
84985de8-b0ef-475c-87aa-342d7698bdef,18,Amalia,Trosdall,atrosdallih@plala.or.jp,759,,1,1,1530897793
a6037a69-9e36-44af-b52c-d4cac47f3098,18,Chandal,Pook,cpookii@java.com,760,,0,0,1530897793
e4ab83df-9507-4e86-a8bc-e91eb38605ea,18,Harman,Wysome,hwysomeij@dedecms.com,761,,0,0,1530897793
f94e0dab-ae92-40f6-af86-aea1cf1effcc,18,Meaghan,Medlicott,mmedlicottik@chronoengine.com,762,,0,0,1530897793
3dc8e866-41a5-487e-f32e-1ef1bd901ac9,18,Winne,Thurnham,wthurnhamil@mashable.com,763,,0,0,1530897793
c0b19b09-1a1e-48ad-a223-318674a69c4a,18,Giffard,Izachik,gizachikim@wired.com,764,,0,0,1530897793
9a19917d-6b59-4d02-aaff-93168649832c,18,Harlen,Sewards,hsewardsin@myspace.com,765,,1,1,1530897793
4c807afa-52ac-4221-8010-c93bdf444282,18,Casey,Sydney,csydneyio@blog.com,766,,1,1,1530897793
26592008-ccef-469a-871a-52337ef9d711,18,Moreen,Kolis,mkolisip@qq.com,767,,1,1,1530897793
bffacfe9-6aa2-4306-b25b-85daac276135,18,Berne,Simondson,bsimondsoniq@flavors.me,768,,1,1,1530897793
6385a304-213a-49e9-a9b9-ce05fb80aa1c,18,Romain,Condy,rcondyir@ycombinator.com,769,,0,0,1530897793
c30cf0d2-42fd-4f2e-9548-6a558b09c372,18,Nara,Mixhel,nmixhelis@scribd.com,770,,0,0,1530897793
34e86785-e40d-4673-d383-bbf36d439a95,18,Lauraine,Blase,lblaseit@rediff.com,771,,1,1,1530897793
4406ae3b-93f8-48d1-9b77-ab48b7f4abb2,18,Wakefield,Juza,wjuzaiu@house.gov,772,,1,1,1530897793
58d3fe17-0e8b-44b8-b375-0eb463a30537,18,Katlin,Kitcher,kkitcheriv@joomla.org,773,,1,1,1530897793
9f8b566e-b767-4589-87b1-cc324eba1d6b,18,Ade,Gellan,agellaniw@google.co.jp,774,,0,0,1530897793
4f856969-10c4-48aa-9489-df412ad08624,18,Antons,Hebdon,ahebdonix@nsw.gov.au,775,,1,1,1530897793
9464d5ef-b167-45be-9414-e53837bc3afb,18,Nessa,Careswell,ncareswelliy@sciencedaily.com,776,,0,0,1530897793
bf66732f-8bce-4d33-ba38-fa4ff8afa02f,18,Darsey,Lambdon,dlambdoniz@t.co,777,,1,1,1530897793
f2d417ed-5aad-40ca-91cd-98cff7b3864f,18,Brion,Dyment,bdymentj0@a8.net,778,,0,0,1530897793
98bd6c0e-8f35-4cf1-b2ee-593be7b99946,18,Jamima,Burbridge,jburbridgej1@japanpost.jp,779,,1,1,1530897793
dde0644d-00de-4b0d-a770-e3558259fdb6,18,Gayla,Roome,groomej2@dropbox.com,780,,0,0,1530897793
2ce1ac3f-1846-4645-920f-599c6cf6a180,18,Ardra,Grieg,agriegj3@tripod.com,781,,0,0,1530897793
b8e69e70-8b57-4e5c-be69-0b39076f31c5,18,Lyndsey,Matthewes,lmatthewesj4@delicious.com,782,,1,1,1530897793
0b86f405-b445-4a07-b3e4-5de180b0026f,18,Briny,Hellyar,bhellyarj5@google.de,783,,0,0,1530897793
22571e6d-16a1-42da-80c2-6f178e055fa3,18,Vick,Fleischer,vfleischerj6@mail.ru,784,,1,1,1530897793
d7f7dae3-080c-4078-8b36-4ed26c045b25,18,Luise,Kiezler,lkiezlerj7@google.ca,785,,0,0,1530897793
b3d7da80-5c75-4be6-82c9-a4884585dbe7,18,Gaston,Bodell,gbodellj8@mayoclinic.com,786,,0,0,1530897793
c75232dc-58ba-4bd0-aafb-a3388694c779,18,Carling,Cutten,ccuttenj9@wp.com,787,,0,0,1530897793
047be05a-f081-4610-a7d2-69eb84929fa9,18,Pieter,Faust,pfaustja@hhs.gov,788,,1,1,1530897793
2b07a106-861e-440e-a456-6837e2ff4358,18,Lowe,Moscon,lmosconjb@globo.com,789,,1,1,1530897793
c98d7850-2b0f-454d-921a-198f3cced4ed,18,Taylor,Terbruggen,tterbruggenjc@blog.com,790,,1,1,1530897793
8adac710-4a63-4904-d181-0574f58e5ab4,18,Abra,Orrobin,aorrobinjd@europa.eu,791,,0,0,1530897793
8a4af36a-e3c5-440f-91bf-184138545383,18,Meris,Smiths,msmithsje@archive.org,792,,0,0,1530897793
1144b6f4-2534-480f-a75f-8ea644a5e614,18,Nevsa,Boas,nboasjf@php.net,793,,0,0,1530897793
96cbaab3-9d46-4225-ae27-1f8afa2106e2,18,Jackqueline,Godding,jgoddingjg@youtu.be,794,,0,0,1530897793
c312a5a6-4ed4-4b8b-a13b-b044e79fe809,18,Iver,Cotman,icotmanjh@flickr.com,795,,0,0,1530897793
a9d93061-b252-4d6e-a987-e00b25a51eef,18,Libbi,Heineking,lheinekingji@xing.com,796,,0,0,1530897793
9cee0b87-d9cd-4522-a025-16a7525b6ae5,18,Lita,Pendell,lpendelljj@pbs.org,797,,0,0,1530897793
0e158989-9c04-4554-b426-4b22653d5ac8,18,Riordan,Skelhorn,rskelhornjk@google.co.jp,798,,1,1,1530897793
0632da96-3d4e-45f7-a21a-e9dacef5d9ec,18,Rochette,Pocknell,rpocknelljl@liveinternet.ru,799,,0,0,1530897793
c46cda37-2004-48bb-c4ba-2c72b25dfe4c,18,Davie,Eager,deagerjm@boston.com,800,,1,1,1530897793
ef791680-fa56-4912-b750-07ae38082d21,18,Feliks,Van Hove,fvanhovejn@facebook.com,801,,1,1,1530897793
37a7b071-28ac-4638-9d03-e050282dcb3c,18,Aubrey,Jaffrey,ajaffreyjo@patch.com,802,,0,0,1530897793
4b4f262c-ab47-4b72-aa11-e1f7b9aef068,18,Ellyn,Camois,ecamoisjp@princeton.edu,803,,1,1,1530897793
490a2fb8-70bb-4be9-e28b-3f324c5da8c6,18,Gregorio,Jays,gjaysjq@liveinternet.ru,804,,1,1,1530897793
a38fe58a-7eba-4ee2-88f0-25028d448037,18,Carita,Chifney,cchifneyjr@mtv.com,805,,1,1,1530897793
0756f5d4-4440-4e5d-91e2-5dec97d18be0,18,Ermina,Orford,eorfordjs@archive.org,806,,0,0,1530897793
8f066e32-9a24-48b1-d53c-d32c560d8967,18,Aliza,Antony,aantonyjt@msu.edu,807,,1,1,1530897793
734b955b-5714-4280-d141-7c88679a747c,18,Mahmoud,Hilling,mhillingju@unc.edu,808,,0,0,1530897793
08a6c6dd-8569-4125-ba76-497cc32a941b,18,Kerr,Pickvance,kpickvancejv@bloglovin.com,809,,0,0,1530897793
9ce13c49-9868-4b3c-9af0-e7c6c616b717,18,Jedd,Beardwood,jbeardwoodjw@webmd.com,810,,0,0,1530897793
2d7c547c-8f8a-4cf5-858a-52bddddb5dd8,18,Gardner,Pilipets,gpilipetsjx@geocities.com,811,,0,0,1530897793
056ebf42-1544-4924-a314-41f53e8096cb,18,Moore,Durnall,mdurnalljy@google.com,812,,0,0,1530897793
03ee272e-f418-405c-96f4-2231e9f58aea,18,Marne,Laurisch,mlaurischjz@usa.gov,813,,0,0,1530897793
81af1ed4-e8b8-4ba0-9760-880c14df3fb8,18,Dannie,Tuma,dtumak0@fema.gov,814,,1,1,1530897793
88f737a5-912d-40f9-9589-8a1baee5c151,18,Celene,Yerborn,cyerbornk1@dailymail.co.uk,815,,0,0,1530897793
d50f65c5-69cb-431c-b298-f3a458427477,18,Judas,Pedersen,jpedersenk2@ebay.co.uk,816,,0,0,1530897793
403106e5-4ce1-4ca4-ae4d-536b55f21303,17,Katharina,Dancey,kdanceyk3@liveinternet.ru,817,,0,0,1530897793
c5b3fa4a-b019-44a5-983a-eb94b366b308,17,Gaylor,Andriveaux,gandriveauxk4@adobe.com,818,,1,1,1530897793
30c64228-be5c-461e-b1cf-36da6f85f79a,17,Arnie,Dowdeswell,adowdeswellk5@sciencedaily.com,819,,1,1,1530897793
86191692-47cd-42ae-9e21-eea756f533e6,17,Jammal,Dickins,jdickinsk6@illinois.edu,820,,1,1,1530897793
559a3161-091f-4fbd-f3bf-7c9096bcf302,17,Courtney,Colvin,ccolvink7@pinterest.com,821,,0,0,1530897793
b258eec9-9aa1-4817-bf5a-7eb9cc3dfb35,17,Gearalt,Goggins,ggogginsk8@google.co.jp,822,,1,1,1530897793
d3f6ad2c-afa4-4c22-83f5-fc95e519671c,17,Lian,Whelband,lwhelbandk9@mysql.com,823,,1,1,1530897793
8fa39a40-cb94-48fe-a241-ff8dbc5fbad5,17,Calli,Smellie,csmellieka@intel.com,824,,0,0,1530897793
f21613de-fd49-48f9-ac77-2efeba1d925b,17,Austine,Fumagall,afumagallkb@networksolutions.com,825,,0,0,1530897793
7076d32d-f7a1-4a7e-9fcd-e6feffb07aea,17,Eamon,Nixon,enixonkc@globo.com,826,,0,0,1530897793
472873e0-2b33-49f7-b142-a6349017adb6,17,Zared,Castelyn,zcastelynkd@ft.com,827,,1,1,1530897793
0623d247-94d4-47ba-a586-2264c660f15a,17,Cordey,Dainton,cdaintonke@furl.net,828,,0,0,1530897793
db463909-914d-4033-a023-a676ef14ffdf,17,Hatti,Biskupiak,hbiskupiakkf@barnesandnoble.com,829,,1,1,1530897793
e36e3a8d-0c38-4f51-bc6d-722b5866039f,17,Winfield,Biever,wbieverkg@purevolume.com,830,,0,0,1530897793
a25f1a94-90c6-45b0-9836-460854bcfe29,17,Huey,Burston,hburstonkh@mozilla.org,831,,1,1,1530897793
836697e4-a386-4c06-a012-c41719c6ee10,17,Delphine,Jankowski,djankowskiki@netlog.com,832,,0,0,1530897793
a4564f22-02d6-412d-8fcd-c7d6250691ce,17,Torrance,Oxnam,toxnamkj@linkedin.com,833,,1,1,1530897793
f06c748c-69b7-445a-923e-577dc89178ca,17,Felicity,Redbourn,fredbournkk@marriott.com,834,,1,1,1530897793
4562ffe4-2b49-4ab8-81fd-3e1939096470,17,Normie,Jeskins,njeskinskl@joomla.org,835,,0,0,1530897793
7bac6017-e2bf-4b12-9868-29005c870f2a,17,Graehme,Pinshon,gpinshonkm@e-recht24.de,836,,1,1,1530897793
34cf1e19-7781-4e2a-8ba6-4278c626d46d,17,Keir,Tellenbroker,ktellenbrokerkn@dropbox.com,837,,0,0,1530897793
ea1bd1e3-226a-4364-955b-a7b964091e99,17,Dolph,Ary,daryko@ed.gov,838,,1,1,1530897793
0b3c38b0-aecc-4435-a2f0-aa6d0c304c6d,17,Toddie,Firmin,tfirminkp@nature.com,839,,1,1,1530897793
f429118e-46e1-4fa9-8ba8-35b63471a6c9,17,Noel,Ivoshin,nivoshinkq@blogspot.com,840,,0,0,1530897793
e5fb0dea-2dc4-4c72-b4d3-be008c0a500f,17,Amaleta,Eagles,aeagleskr@instagram.com,841,,1,1,1530897793
7781d3cd-8472-4b07-a059-be5b34048982,17,Laraine,Villaret,lvillaretks@tripod.com,842,,1,1,1530897793
a8848bf9-f5ac-45db-8900-f029044806c6,17,Bryan,Twigger,btwiggerkt@comsenz.com,843,,1,1,1530897793
14d09402-ba94-44fc-befe-8e6f31f8ee88,17,Roxane,Younglove,ryoungloveku@technorati.com,844,,1,1,1530897793
443f101b-7d57-4102-8774-dc81143a59ac,17,Cosmo,Mountlow,cmountlowkv@miibeian.gov.cn,845,,0,0,1530897793
f3b1fea9-31e8-4e5d-ad36-b9003f76b4ae,17,Courtenay,Dorman,cdormankw@businessweek.com,846,,0,0,1530897793
d906d93a-5494-48ca-a8f2-64e55f4eec00,17,Terrell,Totaro,ttotarokx@marketwatch.com,847,,0,0,1530897793
0faaf4ae-d7d6-4672-af60-0027630ec929,17,Neda,Rosone,nrosoneky@elpais.com,848,,1,1,1530897793
45f0f1d4-536a-4994-93ee-248264c6a3f1,17,Camile,Quilleash,cquilleashkz@imageshack.us,849,,1,1,1530897793
df51e1d0-250a-4f43-b869-4d49d58b6eeb,17,Corina,Stenning,cstenningl0@constantcontact.com,850,,0,0,1530897793
414ff713-9f71-4b23-84d1-6ccd7d06272f,17,Cathi,Brock,cbrockl1@woothemes.com,851,,1,1,1530897793
b5f7c700-79ac-475c-9a0b-b2ae1552d2dd,17,Blancha,Durdy,bdurdyl2@guardian.co.uk,852,,0,0,1530897793
1519ff66-eed7-4ec3-ad2d-9a21cdbffb7b,17,Harold,Pegram,hpegraml3@netlog.com,853,,1,1,1530897793
bffdc9ff-0b3e-4726-ca3c-172c7db1d79f,17,Osmond,Rawsthorne,orawsthornel4@prlog.org,854,,1,1,1530897793
547c9c7c-ceed-4990-d58c-0269350be73f,17,Elayne,Veal,eveall5@furl.net,855,,1,1,1530897793
8ce9ab01-e4dc-4b40-cfa3-e1456a33aa88,17,Antonin,D'Antonio,adantoniol6@nsw.gov.au,856,,1,1,1530897793
21f63fc0-66ed-49ed-c3d0-e50c836b1270,17,Susana,Carbine,scarbinel7@miibeian.gov.cn,857,,0,0,1530897793
890cf993-4123-4b86-8707-dbeb78f7f199,17,Lauren,Fluck,lfluckl8@globo.com,858,,0,0,1530897793
106aa866-d695-41ce-94ff-54ca3ae890d4,17,Maxy,Fawltey,mfawlteyl9@mozilla.org,859,,0,0,1530897793
62c30c46-631b-4be1-9c9b-bd9569196aff,17,Allina,Foulkes,afoulkesla@parallels.com,860,,1,1,1530897793
aa3f64ed-5647-488e-b4f8-d20da0d1beb8,17,Atlante,Hellmore,ahellmorelb@blogtalkradio.com,861,,1,1,1530897793
810e4a48-885e-43a5-aa4c-773f89949c75,17,Martin,Hosten,mhostenlc@rakuten.co.jp,862,,1,1,1530897793
9b09b976-7929-4911-9d4d-d544874cc4fa,17,Stephana,Dragge,sdraggeld@nature.com,863,,1,1,1530897793
428b76ca-016b-4bc9-9107-4e60e11ad606,17,Brigida,Hadleigh,bhadleighle@devhub.com,864,,1,1,1530897793
a9948de1-1542-42d1-b164-f844ad8a8495,17,Pail,Raft,praftlf@pagesperso-orange.fr,865,,0,0,1530897793
8436ee44-fc4c-436c-9c9b-d8bb960781ff,17,Dorothy,Austins,daustinslg@unc.edu,866,,0,0,1530897793
04500758-885e-43a5-aa4c-773f89949c75,17,Armin,Abbitt,aabbittlh@github.io,867,,0,0,1530897793
ab15b740-26bc-428f-aa0e-0ffc72681594,17,Lorin,Agney,lagneyli@cpanel.net,868,,0,0,1530897793
861e8656-231b-4899-d9e8-55f4b8dd8934,17,Aeriel,Minci,amincilj@booking.com,869,,1,1,1530897793
08de72ae-0202-48d0-fe29-78245198b355,17,Merci,Geillier,mgeillierlk@is.gd,870,,1,1,1530897793
9bb82021-46b3-44e3-a56a-4c773f89949c,17,Ophelia,Scay,oscayll@feedburner.com,871,,0,0,1530897793
d520295e-66e6-455d-c39b-4bfbdc209139,17,Riccardo,Kaliszewski,rkaliszewskilm@independent.co.uk,872,,1,1,1530897793
63b8eb09-bb3f-486a-aae0-08758654512c,17,Sandra,Frayling,sfraylingln@technorati.com,873,,1,1,1530897793
faa88085-b726-4ddd-9047-7e034e9d7ab8,17,Midge,Pettitt,mpettittlo@ifeng.com,874,,0,0,1530897793
b4e26dcd-7d31-4c89-bf69-be71bee943af,17,Nicolis,Jolliman,njollimanlp@hp.com,875,,0,0,1530897793
3ace6638-40fe-4800-9104-3a7ef04a97e3,17,Lucia,Searle,lsearlelq@naver.com,876,,1,1,1530897793
c2c23d67-1421-472a-840f-8d439c4bbf79,17,Miquela,Fairlie,mfairlielr@usatoday.com,877,,0,0,1530897793
a278fb72-7462-4c48-b504-909fb663339a,17,Jeane,Jorck,jjorckls@ask.com,878,,1,1,1530897793
61686afa-e7a5-41c7-8540-605880fc3204,17,Perla,Swaine,pswainelt@soup.io,879,,1,1,1530897793
c0d6daa8-cd90-466c-a8c1-cda27d1ce38f,17,Venita,Benardet,vbenardetlu@pinterest.com,880,,0,0,1530897793
3b815056-33f0-4256-a139-fcf896dfae1c,17,Doralyn,Mumm,dmummlv@miibeian.gov.cn,881,,0,0,1530897793
daf000e5-6b76-4383-ef42-70d5e76eda4a,17,Ellery,Bulcroft,ebulcroftlw@dot.gov,882,,1,1,1530897793
59a0a960-2060-4dc0-b371-6fb5a944a89b,17,Sandye,Coupar,scouparlx@boston.com,883,,1,1,1530897793
a6bd8bed-ef34-46a8-a38f-1d5375fe6cad,17,Bran,Kinforth,bkinforthly@soundcloud.com,884,,1,1,1530897793
d07acc6b-c26f-4286-f03f-3c07d4a26e2c,17,Bridie,Yurtsev,byurtsevlz@virginia.edu,885,,0,0,1530897793
690e1e8a-0719-4d7a-a8eb-4a7ca4ca8bf3,17,Bethina,Juschka,bjuschkam0@newyorker.com,886,,0,0,1530897793
5eca7a62-c2d5-4357-92c4-5527c53ea126,17,Judie,Cracknall,jcracknallm1@pagesperso-orange.fr,887,,1,1,1530897793
3c817952-287b-43d5-862a-c0e65ae746b2,17,Vinson,Fransewich,vfransewichm2@eventbrite.com,888,,0,0,1530897793
2439a313-11c8-480b-84cc-9e0363658217,17,Rosana,Coyish,rcoyishm3@state.tx.us,889,,1,1,1530897793
02ece2b5-e1e1-4565-ec2c-1eaf3f1b3d51,17,Siusan,Knolles-Green,sknollesgreenm4@deviantart.com,890,,1,1,1530897793
cdfd5c7d-391e-4875-9d78-63549168a6c5,17,Jacki,Gontier,jgontierm5@redcross.org,891,,0,0,1530897793
539cbb67-4812-439c-979e-34a0c884008d,17,Aila,Marlowe,amarlowem6@abc.net.au,892,,0,0,1530897793
a7d41c03-34fa-4256-af75-abc256e4b1b3,17,Malissa,Cereceres,mcereceresm7@e-recht24.de,893,,0,0,1530897793
7b35efaa-7d5a-44cd-aa4a-108b2b9b9fbd,17,Mace,Harmar,mharmarm8@infoseek.co.jp,894,,1,1,1530897793
3d222d16-1c2c-4d14-9744-2153ab74c030,17,Park,Bauduccio,pbauducciom9@umn.edu,895,,1,1,1530897793
54d7519a-59a7-4b01-b596-e790ea68b202,17,Rikki,Leneham,rlenehamma@who.int,896,,0,0,1530897793
a35582e1-18bd-43e6-9deb-dbaff76fdd98,17,Francklyn,Monget,fmongetmb@soundcloud.com,897,,1,1,1530897793
1795b55a-614a-497d-a8ed-2e7f033a9c4a,17,Hakim,Jeanes,hjeanesmc@vk.com,898,,1,1,1530897793
43530e07-5463-42b9-9ed2-7cb21053efef,17,Mac,Precious,mpreciousmd@prnewswire.com,899,,0,0,1530897793
82878883-c895-48aa-b66a-39d48e7a9c11,17,Anissa,Habin,ahabinme@tripadvisor.com,900,,1,1,1530897793
51da3b66-c683-4969-af0c-61a5291efe6c,17,Kettie,Abramovici,kabramovicimf@army.mil,901,,0,0,1530897793
4a2814dc-873e-457d-a34e-75c76e94eaec,17,Elianora,Dourin,edourinmg@oracle.com,902,,1,1,1530897793
be0e1c63-53ad-48e9-9d0c-f00d6107ba29,17,Cassi,Tolputt,ctolputtmh@aol.com,903,,0,0,1530897793
077124de-1dca-46c4-e167-3da83a630045,17,Rani,Swainger,rswaingermi@amazon.de,904,,0,0,1530897793
cc13b45c-55cb-42ae-9552-d2dda845881b,17,Irwinn,Oake,ioakemj@wordpress.com,905,,1,1,1530897793
50fc67f3-e370-4bd0-a9df-6a75783dba10,17,Kaitlynn,Addionizio,kaddioniziomk@sciencedirect.com,906,,1,1,1530897793
fcb1cb3d-ff00-4b43-a101-f0e242e2b41e,17,Abbe,Readwood,areadwoodml@nydailynews.com,907,,1,1,1530897793
1fa176ba-2833-4d3b-ad84-0ff18a7fc11f,17,Morna,Fernan,mfernanmm@dagondesign.com,908,,1,1,1530897793
f2288910-1d94-42b4-d99b-2d2f9ca68a23,17,Jeremy,Abbyss,jabbyssmn@usatoday.com,909,,0,0,1530897793
77b7a7f6-5270-46a7-e365-2bd8f0f82ec8,17,Trudie,Bosche,tboschemo@china.com.cn,910,,1,1,1530897793
b93bd6e7-a579-4100-892a-3313e379ca41,17,Brandais,Theis,btheismp@harvard.edu,911,,0,0,1530897793
051fa0da-ae26-42eb-93a5-7f9a52533832,17,Tamarra,Rankin,trankinmq@exblog.jp,912,,0,0,1530897793
faaec3f9-b021-4abd-ddcc-718f3afde15a,17,Saxe,Mouse,smousemr@yahoo.co.jp,913,,0,0,1530897793
e37c2c24-42fd-44fc-89a1-9ed2cc14db52,17,Alejandro,Olivo,aolivoms@pcworld.com,914,,1,1,1530897793
b9ab1ba6-cf11-484e-b9ed-a76fd11c8ad7,17,Johannes,Costigan,jcostiganmt@google.co.jp,915,,0,0,1530897793
18259449-c8da-417f-d42b-1003f7d77a84,17,Lenore,Cajkler,lcajklermu@virginia.edu,916,,0,0,1530897793
34fbfa33-3108-4f55-be8c-a2a9aa2e91ef,17,Lester,Sara,lsaramv@state.gov,917,,0,0,1530897793
4dd92f70-1617-4c43-934d-8b401112f371,17,Violette,Hance,vhancemw@typepad.com,918,,0,0,1530897793
60039a82-0ff1-4552-92dd-a845881b6516,17,Hillary,Farries,hfarriesmx@slashdot.org,919,,1,1,1530897793
33263d01-1d07-4fc5-e64a-ef7f195bfb03,17,Kary,Stair,kstairmy@home.pl,920,,0,0,1530897793
06628527-261f-4e40-8f80-801b678939ac,17,Jenny,Gentreau,jgentreaumz@seattletimes.com,921,,0,0,1530897793
94087484-abc0-4026-83e5-e3ae5199abce,17,Skell,Vase,svasen0@twitpic.com,922,,0,0,1530897793
dc5a5022-e9a7-4bdc-a5b0-ccc5ef3a2ac1,17,Mathias,Roarty,mroartyn1@aboutads.info,923,,0,0,1530897793
4005fdab-438c-4b9c-dabd-cff8cbf752e1,17,Doralin,Touson,dtousonn2@sourceforge.net,924,,1,1,1530897793
2e1f75e8-234a-456a-8c77-3f89949c75cd,17,Lexy,Baress,lbaressn3@youtu.be,925,,1,1,1530897793
9e67e27a-1847-4c76-9e44-c5a5f843d45a,17,Lisbeth,Bims,lbimsn4@telegraph.co.uk,926,,1,1,1530897793
f9e17574-faed-4cd4-bfe6-1ed4c289b8d8,17,Jacquelin,Flew,jflewn5@microsoft.com,927,,1,1,1530897793
6be0a01a-6298-4bff-8de8-47b9c6a51391,17,Roselle,Furmston,rfurmstonn6@wiley.com,928,,1,1,1530897793
607d2037-f601-4c46-8918-fd151c21e898,17,Malina,Casolla,mcasollan7@live.com,929,,1,1,1530897793
9f7dfeb1-fa68-46ba-9a47-f4389c89ff2d,17,Jeffrey,Minocchi,jminocchin8@globo.com,930,,1,1,1530897793
a0fb5fb6-885e-43a5-aa4c-773f89949c75,17,Nichole,Skrines,nskrinesn9@google.co.uk,931,,1,1,1530897793
28f747ae-c53d-4446-ae47-92f583d613d8,17,Rosalinde,Dinsdale,rdinsdalena@e-recht24.de,932,,1,1,1530897793
eb62c4b0-e47c-4c18-9678-86bbde5abf4c,17,Dyan,Simionescu,dsimionescunb@so-net.ne.jp,933,,1,1,1530897793
e04eedea-d6a2-4f81-9991-a0e712ed7a85,17,Munroe,Whoston,mwhostonnc@merriam-webster.com,934,,1,1,1530897793
0de1c747-7510-41ba-ad45-0fdd8d09304b,17,Issi,Knevett,iknevettnd@ehow.com,935,,0,0,1530897793
897a595a-a798-4bb9-c631-0d952854b57d,17,Skelly,Younghusband,syounghusbandne@cbslocal.com,936,,1,1,1530897793
0353d57e-e4ee-4773-80cf-a97e4ddf9884,17,Ewan,Alldritt,ealldrittnf@google.pl,937,,1,1,1530897793
224bc104-8bf1-443a-9e08-c667afe6fc34,17,Valli,Oswal,voswalng@unicef.org,938,,0,0,1530897793
bb494ce2-c5a0-4655-8dda-303dce3c42f7,17,Jelene,Aberhart,jaberhartnh@theglobeandmail.com,939,,0,0,1530897793
4414481f-b6b6-4e96-b269-7efabf011f48,17,Rhodie,Klinck,rklinckni@wikipedia.org,940,,1,1,1530897793
8d3577c4-e125-4fc3-93ab-2d7d912920e9,16,Toiboid,MacDonell,tmacdonellnj@twitter.com,941,,1,1,1530897793
0c4ac096-59ec-4df2-eab1-2086f3df9b95,16,Enrica,Lumbly,elumblynk@blogger.com,942,,0,0,1530897793
772d4b53-3528-4bb2-ec87-5f8dc1f8b36d,16,Wilhelmina,Bodd,wboddnl@gnu.org,943,,0,0,1530897793
ccfe28d5-4b48-44d2-c978-72bacea6d334,16,Caddric,Beart,cbeartnm@google.ru,944,,1,1,1530897793
dbc57a44-b54a-46f1-b69a-86549315f6ef,16,Justino,Levermore,jlevermorenn@arstechnica.com,945,,0,0,1530897793
ad6e3e15-b2eb-4b67-9abc-8cbffd46334d,16,Melvyn,Briggs,mbriggsno@ebay.com,946,,1,1,1530897793
b3c87584-483f-4b71-c663-449f0aeb5ac5,16,Chico,Mityukov,cmityukovnp@csmonitor.com,947,,0,0,1530897793
520fab3d-dfec-4dd8-8cda-d81d0d61a861,16,Ally,Troker,atrokernq@house.gov,948,,0,0,1530897793
7593a8ac-166c-4a52-9f4f-07fa3003c59f,16,Kaylee,Eastmead,keastmeadnr@rakuten.co.jp,949,,0,0,1530897793
c0137c67-b2b8-4458-81b6-516c33848bb9,16,Shela,Welbrock,swelbrockns@lycos.com,950,,0,0,1530897793
cf623936-885e-43a5-aa4c-773f89949c75,16,Eugine,Eddowes,eeddowesnt@networksolutions.com,951,,1,1,1530897793
980efce1-ccd0-452b-e5dd-d08fdca23aa5,16,Edyth,Pidgeon,epidgeonnu@w3.org,952,,1,1,1530897793
97b94061-2f79-48ac-f323-a0607456e0c6,16,Maddalena,Baradel,mbaradelnv@youtu.be,953,,1,1,1530897793
9c4a3981-1fcc-4c50-95f8-ac4bb3138e50,16,Dru,Harberer,dharberernw@upenn.edu,954,,1,1,1530897793
49578b86-e186-4a80-a091-ad5154d3d461,16,Vinnie,Alger,valgernx@google.ca,955,,0,0,1530897793
077a3ffa-d6a9-4af8-c358-f5f347ea044f,16,Abbott,Kenelin,akenelinny@dailymail.co.uk,956,,1,1,1530897793
d1c2a0c2-c4a7-44ad-9dba-ae2750c7cdf0,16,Standford,Titmuss,stitmussnz@nih.gov,957,,1,1,1530897793
2f7f5db6-fa6b-4b76-af04-81a6c503fe7d,16,Lissy,Venditti,lvendittio0@opensource.org,958,,1,1,1530897793
05da5866-93ca-4412-94a8-ef58ac3952a2,16,Katusha,Charter,kchartero1@histats.com,959,,1,1,1530897793
f22cfbb8-3e59-48f2-b5f9-bd1ad720ba08,16,Berny,Waghorne,bwaghorneo2@360.cn,960,,0,0,1530897793
592e1044-4e97-461c-a57a-23228aada0b0,16,Eydie,Pimm,epimmo3@archive.org,961,,0,0,1530897793
8afd8e89-5620-4e6e-8bd6-6256ea01e03b,16,Oriana,Leades,oleadeso4@wikimedia.org,962,,0,0,1530897793
3a4b8cec-21c6-4e03-9694-495851200119,16,Bella,Beinke,bbeinkeo5@wp.com,963,,0,0,1530897793
fe445303-f3bf-4bd5-ba91-8e2dcb642351,16,Inglebert,Brager,ibragero6@uiuc.edu,964,,0,0,1530897793
9c457231-0908-480c-b5b5-fb44e2fc6dfb,16,Aubry,Fowley,afowleyo7@cocolog-nifty.com,965,,0,0,1530897793
46445996-ae4e-4c7b-9e4e-1476bdba8d63,16,Beret,Churm,bchurmo8@wiley.com,966,,0,0,1530897793
624373d8-7935-4dbe-c66e-f8845d7d25ff,16,Idalina,Noddle,inoddleo9@csmonitor.com,967,,0,0,1530897793
85da1116-42b5-4700-abfd-5fd7a05498a7,16,Augy,O' Mara,aomaraoa@purevolume.com,968,,1,1,1530897793
0b36f256-885e-43a5-aa4c-773f89949c75,16,Lindsy,Keynes,lkeynesob@yahoo.com,969,,0,0,1530897793
f4b5ffd3-7c31-4343-bf0b-072b38f4117f,16,Wyndham,Ech,wechoc@webs.com,970,,0,0,1530897793
73e3a317-18c1-4c9e-d7ed-e6cebb795573,16,Gardener,L'argent,glargentod@sakura.ne.jp,971,,1,1,1530897793
dc781c39-56b3-44e3-a56a-4c773f89949c,16,Lizzie,Pennings,lpenningsoe@studiopress.com,972,,1,1,1530897793
eccd0503-93a5-45b6-d42f-6ad322dda044,16,Crista,Munnis,cmunnisof@amazonaws.com,973,,1,1,1530897793
98ae6d9c-466e-4b45-885e-2464c0b65f2a,16,Bart,Penlington,bpenlingtonog@answers.com,974,,1,1,1530897793
20a66b4c-161a-4cd0-8067-03d3cf9cf24b,16,Jaquelin,Ligerton,jligertonoh@hhs.gov,975,,1,1,1530897793
59eded28-3662-403a-bed6-d8fa74b92cf4,16,Fernando,Foxten,ffoxtenoi@prnewswire.com,976,,0,0,1530897793
fe7154d1-fc98-4337-b756-a6dfc98f2bb5,16,Brennan,Mayfield,bmayfieldoj@wordpress.com,977,,1,1,1530897793
c0bffdaa-11c9-4300-b49c-6c699f12f0c4,16,Fern,Sterrick,fsterrickok@blogtalkradio.com,978,,0,0,1530897793
c48a4556-9385-476c-b8c3-6ef75a2411d6,16,Gnni,Iglesiaz,giglesiazol@yahoo.co.jp,979,,1,1,1530897793
428215b3-885e-43a5-aa4c-773f89949c75,16,Theo,Bernardy,tbernardyom@hhs.gov,980,,0,0,1530897793
dd6bd6d5-6635-40a9-a0d4-72bc0b70e5f0,15,Guthrie,Studeart,gstudearton@bigcartel.com,981,,0,0,1530897793
b6a88025-c8f2-4a55-9a3f-3e150488b15f,15,Davin,Rainforth,drainforthoo@bandcamp.com,982,,0,0,1530897793
cbbb08b4-00b3-4b84-bdad-14bb518ce581,15,Ina,Trusler,itruslerop@so-net.ne.jp,983,,1,1,1530897793
a0ac9f73-66f4-4301-9102-bfde65d9819c,15,Dasi,Matelyunas,dmatelyunasoq@engadget.com,984,,0,0,1530897793
a93c6e67-234a-456a-8c77-3f89949c75cd,15,Christiana,Pavyer,cpavyeror@oaic.gov.au,985,,0,0,1530897793
65619956-58af-42de-9af8-96c5194b41b7,15,Yale,Houldcroft,yhouldcroftos@ifeng.com,986,,0,0,1530897793
23634bcf-f9c4-4700-ceb6-33b31f7bedea,15,Pattie,Forrestill,pforrestillot@narod.ru,987,,0,0,1530897793
a5384e1f-8851-430a-85e0-00b708ce06f3,15,Allie,Castagne,acastagneou@tuttocitta.it,988,,1,1,1530897793
25718f78-ee03-452c-889a-8c421002bf9c,15,Evelin,Giral,egiralov@chronoengine.com,989,,0,0,1530897793
f32d4629-3e6e-48f6-a280-57a166ab5917,15,Rosemary,Ginty,rgintyow@cdbaby.com,990,,0,0,1530897793
5df439bf-448f-4854-da95-6687a970062f,15,Stephanus,Mattacks,smattacksox@sogou.com,991,,1,1,1530897793
0eedfb5b-6428-4d36-8425-632374db5e36,15,Mitchel,Ollerenshaw,mollerenshawoy@ebay.co.uk,992,,1,1,1530897793
8121e3a5-417c-4529-c7ee-10f6c569d927,15,Marie,Huygens,mhuygensoz@example.com,993,,1,1,1530897793
d7698436-6cf5-4579-8b99-52672254a52b,15,Forster,Dilger,fdilgerp0@wikipedia.org,994,,0,0,1530897793
0b719628-b5d0-423d-b805-e2b7a3e27312,15,Celina,Speers,cspeersp1@biblegateway.com,995,,1,1,1530897793
307a4378-d1df-494f-9e71-bf78938ca62c,15,Joela,Gerhardt,jgerhardtp2@gov.uk,996,,0,0,1530897793
8768750c-c7d4-493e-a9a6-34df64d3e1fd,15,Shelagh,Speedy,sspeedyp3@dmoz.org,997,,1,1,1530897793
267b9c4b-70b2-44cb-94d9-73ac00fa3814,15,Babb,Tonna,btonnap4@list-manage.com,998,,0,0,1530897793
369b4129-61b5-4ff8-e846-32ebd5e474aa,15,Nollie,Rubertis,nrubertisp5@statcounter.com,999,,0,0,1530897793
5af6ca8a-ba97-4653-a17b-c4ebe733ea4d,15,Nilson,Drohun,ndrohunp6@squidoo.com,1000,,1,1,1530897793
bbb09b0a-9878-41d7-e20d-19c7762ed11e,15,Pip,Pochin,ppochinp7@adobe.com,1001,,1,1,1530897793